GHO (CODE),GHO (DISPLAY),GHO (URL),PUBLISHSTATE (CODE),PUBLISHSTATE (DISPLAY),PUBLISHSTATE (URL),YEAR (CODE),YEAR (DISPLAY),YEAR (URL),REGION (CODE),REGION (DISPLAY),REGION (URL),COUNTRY (CODE),STARTYEAR,ENDYEAR,COUNTRY (DISPLAY),COUNTRY (URL),SEX (CODE),SEX (DISPLAY),SEX (URL),GHECAUSES (CODE),GHECAUSES (DISPLAY),GHECAUSES (URL),Display Value,Numeric,Low,High,StdErr,StdDev,Comments
#indicator+code,#indicator+name,#indicator+url,#status+code,#status+name,,,#date+year,,#region+code,#region+name,,#country+code,#date+year+start,#date+year+end,#country+name,,#sex+code,#sex+name,,,,,,#indicator+value+num,,,,,
SDG_SH_DTH_RNCOM,"Number of deaths attributed to non-communicable diseases, by type of disease and sex",https://www.who.int/data/gho/indicator-metadata-registry/imr-details/36,PUBLISHED,Published,,2017,2017,,EMR,Eastern Mediterranean,,DJI,2017,2017,Djibouti,,FMLE,Female,,GHE110,Cardiovascular diseases,,762 [424-1256],762.20060,423.70140,1256.39400,,,
SDG_SH_DTH_RNCOM,"Number of deaths attributed to non-communicable diseases, by type of disease and sex",https://www.who.int/data/gho/indicator-metadata-registry/imr-details/36,PUBLISHED,Published,,2014,2014,,EMR,Eastern Mediterranean,,DJI,2014,2014,Djibouti,,FMLE,Female,,GHE110,Cardiovascular diseases,,676 [372-1125],676.06740,372.05240,1124.71900,,,
SDG_SH_DTH_RNCOM,"Number of deaths attributed to non-communicable diseases, by type of disease and sex",https://www.who.int/data/gho/indicator-metadata-registry/imr-details/36,PUBLISHED,Published,,2016,2016,,EMR,Eastern Mediterranean,,DJI,2016,2016,Djibouti,,BTSX,Both sexes,,GHE110,Cardiovascular diseases,,1559 [848-2609],1558.76900,848.23080,2608.90700,,,
SDG_SH_DTH_RNCOM,"Number of deaths attributed to non-communicable diseases, by type of disease and sex",https://www.who.int/data/gho/indicator-metadata-registry/imr-details/36,PUBLISHED,Published,,2019,2019,,EMR,Eastern Mediterranean,,DJI,2019,2019,Djibouti,,BTSX,Both sexes,,GHE110,Cardiovascular diseases,,1730 [944-2878],1730.14600,944.02030,2878.17900,,,
SDG_SH_DTH_RNCOM,"Number of deaths attributed to non-communicable diseases, by type of disease and sex",https://www.who.int/data/gho/indicator-metadata-registry/imr-details/36,PUBLISHED,Published,,2009,2009,,EMR,Eastern Mediterranean,,DJI,2009,2009,Djibouti,,FMLE,Female,,GHE110,Cardiovascular diseases,,552 [304-908],552.27970,304.44310,907.73030,,,
SDG_SH_DTH_RNCOM,"Number of deaths attributed to non-communicable diseases, by type of disease and sex",https://www.who.int/data/gho/indicator-metadata-registry/imr-details/36,PUBLISHED,Published,,2016,2016,,EMR,Eastern Mediterranean,,DJI,2016,2016,Djibouti,,FMLE,Female,,GHE110,Cardiovascular diseases,,727 [402-1203],727.42080,401.96760,1202.99000,,,
SDG_SH_DTH_RNCOM,"Number of deaths attributed to non-communicable diseases, by type of disease and sex",https://www.who.int/data/gho/indicator-metadata-registry/imr-details/36,PUBLISHED,Published,,2014,2014,,EMR,Eastern Mediterranean,,DJI,2014,2014,Djibouti,,MLE,Male,,GHE110,Cardiovascular diseases,,783 [421-1323],783.07930,420.57910,1322.54800,,,
SDG_SH_DTH_RNCOM,"Number of deaths attributed to non-communicable diseases, by type of disease and sex",https://www.who.int/data/gho/indicator-metadata-registry/imr-details/36,PUBLISHED,Published,,2011,2011,,EMR,Eastern Mediterranean,,DJI,2011,2011,Djibouti,,FMLE,Female,,GHE110,Cardiovascular diseases,,597 [330-983],596.65670,329.52270,983.48800,,,
SDG_SH_DTH_RNCOM,"Number of deaths attributed to non-communicable diseases, by type of disease and sex",https://www.who.int/data/gho/indicator-metadata-registry/imr-details/36,PUBLISHED,Published,,2015,2015,,EMR,Eastern Mediterranean,,DJI,2015,2015,Djibouti,,MLE,Male,,GHE110,Cardiovascular diseases,,794 [425-1344],794.47500,425.36000,1343.60300,,,
SDG_SH_DTH_RNCOM,"Number of deaths attributed to non-communicable diseases, by type of disease and sex",https://www.who.int/data/gho/indicator-metadata-registry/imr-details/36,PUBLISHED,Published,,2017,2017,,EMR,Eastern Mediterranean,,DJI,2017,2017,Djibouti,,MLE,Male,,GHE110,Cardiovascular diseases,,869 [468-1468],869.25180,468.24980,1467.81400,,,
SDG_SH_DTH_RNCOM,"Number of deaths attributed to non-communicable diseases, by type of disease and sex",https://www.who.int/data/gho/indicator-metadata-registry/imr-details/36,PUBLISHED,Published,,2000,2000,,EMR,Eastern Mediterranean,,DJI,2000,2000,Djibouti,,BTSX,Both sexes,,GHE110,Cardiovascular diseases,,889 [494-1468],889.40990,494.41730,1467.90000,,,
SDG_SH_DTH_RNCOM,"Number of deaths attributed to non-communicable diseases, by type of disease and sex",https://www.who.int/data/gho/indicator-metadata-registry/imr-details/36,PUBLISHED,Published,,2018,2018,,EMR,Eastern Mediterranean,,DJI,2018,2018,Djibouti,,BTSX,Both sexes,,GHE110,Cardiovascular diseases,,1684 [919-2810],1683.74500,919.35500,2809.76200,,,
SDG_SH_DTH_RNCOM,"Number of deaths attributed to non-communicable diseases, by type of disease and sex",https://www.who.int/data/gho/indicator-metadata-registry/imr-details/36,PUBLISHED,Published,,2011,2011,,EMR,Eastern Mediterranean,,DJI,2011,2011,Djibouti,,BTSX,Both sexes,,GHE110,Cardiovascular diseases,,1297 [710-2159],1297.47400,710.48490,2158.79100,,,
SDG_SH_DTH_RNCOM,"Number of deaths attributed to non-communicable diseases, by type of disease and sex",https://www.who.int/data/gho/indicator-metadata-registry/imr-details/36,PUBLISHED,Published,,2015,2015,,EMR,Eastern Mediterranean,,DJI,2015,2015,Djibouti,,FMLE,Female,,GHE110,Cardiovascular diseases,,698 [384-1160],697.94200,383.80060,1160.13800,,,
SDG_SH_DTH_RNCOM,"Number of deaths attributed to non-communicable diseases, by type of disease and sex",https://www.who.int/data/gho/indicator-metadata-registry/imr-details/36,PUBLISHED,Published,,2009,2009,,EMR,Eastern Mediterranean,,DJI,2009,2009,Djibouti,,BTSX,Both sexes,,GHE110,Cardiovascular diseases,,1183 [649-1959],1183.43700,649.26410,1959.46000,,,
SDG_SH_DTH_RNCOM,"Number of deaths attributed to non-communicable diseases, by type of disease and sex",https://www.who.int/data/gho/indicator-metadata-registry/imr-details/36,PUBLISHED,Published,,2001,2001,,EMR,Eastern Mediterranean,,DJI,2001,2001,Djibouti,,BTSX,Both sexes,,GHE110,Cardiovascular diseases,,906 [502-1497],906.20870,502.06750,1496.59800,,,
SDG_SH_DTH_RNCOM,"Number of deaths attributed to non-communicable diseases, by type of disease and sex",https://www.who.int/data/gho/indicator-metadata-registry/imr-details/36,PUBLISHED,Published,,2002,2002,,EMR,Eastern Mediterranean,,DJI,2002,2002,Djibouti,,MLE,Male,,GHE110,Cardiovascular diseases,,489 [269-811],489.17380,269.48200,810.89620,,,
SDG_SH_DTH_RNCOM,"Number of deaths attributed to non-communicable diseases, by type of disease and sex",https://www.who.int/data/gho/indicator-metadata-registry/imr-details/36,PUBLISHED,Published,,2007,2007,,EMR,Eastern Mediterranean,,DJI,2007,2007,Djibouti,,FMLE,Female,,GHE110,Cardiovascular diseases,,518 [287-849],518.09000,286.73550,848.95920,,,
SDG_SH_DTH_RNCOM,"Number of deaths attributed to non-communicable diseases, by type of disease and sex",https://www.who.int/data/gho/indicator-metadata-registry/imr-details/36,PUBLISHED,Published,,2008,2008,,EMR,Eastern Mediterranean,,DJI,2008,2008,Djibouti,,FMLE,Female,,GHE110,Cardiovascular diseases,,533 [294-874],532.89530,294.15430,873.75940,,,
SDG_SH_DTH_RNCOM,"Number of deaths attributed to non-communicable diseases, by type of disease and sex",https://www.who.int/data/gho/indicator-metadata-registry/imr-details/36,PUBLISHED,Published,,2006,2006,,EMR,Eastern Mediterranean,,DJI,2006,2006,Djibouti,,FMLE,Female,,GHE110,Cardiovascular diseases,,504 [281-823],504.36930,281.20260,822.76780,,,
SDG_SH_DTH_RNCOM,"Number of deaths attributed to non-communicable diseases, by type of disease and sex",https://www.who.int/data/gho/indicator-metadata-registry/imr-details/36,PUBLISHED,Published,,2002,2002,,EMR,Eastern Mediterranean,,DJI,2002,2002,Djibouti,,FMLE,Female,,GHE110,Cardiovascular diseases,,454 [253-749],454.25560,252.91000,749.24460,,,
SDG_SH_DTH_RNCOM,"Number of deaths attributed to non-communicable diseases, by type of disease and sex",https://www.who.int/data/gho/indicator-metadata-registry/imr-details/36,PUBLISHED,Published,,2013,2013,,EMR,Eastern Mediterranean,,DJI,2013,2013,Djibouti,,FMLE,Female,,GHE110,Cardiovascular diseases,,652 [360-1081],652.22680,360.05370,1080.64100,,,
SDG_SH_DTH_RNCOM,"Number of deaths attributed to non-communicable diseases, by type of disease and sex",https://www.who.int/data/gho/indicator-metadata-registry/imr-details/36,PUBLISHED,Published,,2010,2010,,EMR,Eastern Mediterranean,,DJI,2010,2010,Djibouti,,FMLE,Female,,GHE110,Cardiovascular diseases,,576 [318-951],576.05930,318.05580,950.54630,,,
SDG_SH_DTH_RNCOM,"Number of deaths attributed to non-communicable diseases, by type of disease and sex",https://www.who.int/data/gho/indicator-metadata-registry/imr-details/36,PUBLISHED,Published,,2004,2004,,EMR,Eastern Mediterranean,,DJI,2004,2004,Djibouti,,MLE,Male,,GHE110,Cardiovascular diseases,,524 [290-867],524.07190,289.55100,867.06930,,,
SDG_SH_DTH_RNCOM,"Number of deaths attributed to non-communicable diseases, by type of disease and sex",https://www.who.int/data/gho/indicator-metadata-registry/imr-details/36,PUBLISHED,Published,,2009,2009,,EMR,Eastern Mediterranean,,DJI,2009,2009,Djibouti,,MLE,Male,,GHE110,Cardiovascular diseases,,631 [345-1052],631.15740,344.82100,1051.73000,,,
SDG_SH_DTH_RNCOM,"Number of deaths attributed to non-communicable diseases, by type of disease and sex",https://www.who.int/data/gho/indicator-metadata-registry/imr-details/36,PUBLISHED,Published,,2000,2000,,EMR,Eastern Mediterranean,,DJI,2000,2000,Djibouti,,FMLE,Female,,GHE110,Cardiovascular diseases,,426 [239-699],425.74920,238.93440,698.50550,,,
SDG_SH_DTH_RNCOM,"Number of deaths attributed to non-communicable diseases, by type of disease and sex",https://www.who.int/data/gho/indicator-metadata-registry/imr-details/36,PUBLISHED,Published,,2017,2017,,EMR,Eastern Mediterranean,,DJI,2017,2017,Djibouti,,BTSX,Both sexes,,GHE110,Cardiovascular diseases,,1631 [892-2724],1631.45200,891.95120,2724.20800,,,
SDG_SH_DTH_RNCOM,"Number of deaths attributed to non-communicable diseases, by type of disease and sex",https://www.who.int/data/gho/indicator-metadata-registry/imr-details/36,PUBLISHED,Published,,2005,2005,,EMR,Eastern Mediterranean,,DJI,2005,2005,Djibouti,,MLE,Male,,GHE110,Cardiovascular diseases,,538 [296-891],538.12150,296.47840,891.42490,,,
SDG_SH_DTH_RNCOM,"Number of deaths attributed to non-communicable diseases, by type of disease and sex",https://www.who.int/data/gho/indicator-metadata-registry/imr-details/36,PUBLISHED,Published,,2014,2014,,EMR,Eastern Mediterranean,,DJI,2014,2014,Djibouti,,BTSX,Both sexes,,GHE110,Cardiovascular diseases,,1459 [793-2447],1459.14700,792.63150,2447.26800,,,
SDG_SH_DTH_RNCOM,"Number of deaths attributed to non-communicable diseases, by type of disease and sex",https://www.who.int/data/gho/indicator-metadata-registry/imr-details/36,PUBLISHED,Published,,2004,2004,,EMR,Eastern Mediterranean,,DJI,2004,2004,Djibouti,,FMLE,Female,,GHE110,Cardiovascular diseases,,486 [272-796],486.36880,271.64030,795.88620,,,
SDG_SH_DTH_RNCOM,"Number of deaths attributed to non-communicable diseases, by type of disease and sex",https://www.who.int/data/gho/indicator-metadata-registry/imr-details/36,PUBLISHED,Published,,2010,2010,,EMR,Eastern Mediterranean,,DJI,2010,2010,Djibouti,,MLE,Male,,GHE110,Cardiovascular diseases,,667 [364-1111],666.71140,363.81030,1111.46100,,,
SDG_SH_DTH_RNCOM,"Number of deaths attributed to non-communicable diseases, by type of disease and sex",https://www.who.int/data/gho/indicator-metadata-registry/imr-details/36,PUBLISHED,Published,,2016,2016,,EMR,Eastern Mediterranean,,DJI,2016,2016,Djibouti,,MLE,Male,,GHE110,Cardiovascular diseases,,831 [446-1406],831.34850,446.26320,1405.91700,,,
SDG_SH_DTH_RNCOM,"Number of deaths attributed to non-communicable diseases, by type of disease and sex",https://www.who.int/data/gho/indicator-metadata-registry/imr-details/36,PUBLISHED,Published,,2008,2008,,EMR,Eastern Mediterranean,,DJI,2008,2008,Djibouti,,BTSX,Both sexes,,GHE110,Cardiovascular diseases,,1134 [624-1873],1134.08400,624.39790,1873.33300,,,
SDG_SH_DTH_RNCOM,"Number of deaths attributed to non-communicable diseases, by type of disease and sex",https://www.who.int/data/gho/indicator-metadata-registry/imr-details/36,PUBLISHED,Published,,2019,2019,,EMR,Eastern Mediterranean,,DJI,2019,2019,Djibouti,,FMLE,Female,,GHE110,Cardiovascular diseases,,817 [455-1339],817.34950,454.60760,1339.47600,,,
SDG_SH_DTH_RNCOM,"Number of deaths attributed to non-communicable diseases, by type of disease and sex",https://www.who.int/data/gho/indicator-metadata-registry/imr-details/36,PUBLISHED,Published,,2007,2007,,EMR,Eastern Mediterranean,,DJI,2007,2007,Djibouti,,BTSX,Both sexes,,GHE110,Cardiovascular diseases,,1093 [603-1802],1093.01800,602.97780,1802.19100,,,
SDG_SH_DTH_RNCOM,"Number of deaths attributed to non-communicable diseases, by type of disease and sex",https://www.who.int/data/gho/indicator-metadata-registry/imr-details/36,PUBLISHED,Published,,2004,2004,,EMR,Eastern Mediterranean,,DJI,2004,2004,Djibouti,,BTSX,Both sexes,,GHE110,Cardiovascular diseases,,1010 [561-1663],1010.44100,561.19130,1662.95600,,,
SDG_SH_DTH_RNCOM,"Number of deaths attributed to non-communicable diseases, by type of disease and sex",https://www.who.int/data/gho/indicator-metadata-registry/imr-details/36,PUBLISHED,Published,,2012,2012,,EMR,Eastern Mediterranean,,DJI,2012,2012,Djibouti,,BTSX,Both sexes,,GHE110,Cardiovascular diseases,,1350 [737-2255],1349.62000,737.33620,2254.77100,,,
SDG_SH_DTH_RNCOM,"Number of deaths attributed to non-communicable diseases, by type of disease and sex",https://www.who.int/data/gho/indicator-metadata-registry/imr-details/36,PUBLISHED,Published,,2012,2012,,EMR,Eastern Mediterranean,,DJI,2012,2012,Djibouti,,MLE,Male,,GHE110,Cardiovascular diseases,,730 [395-1228],729.57970,395.02150,1228.49400,,,
SDG_SH_DTH_RNCOM,"Number of deaths attributed to non-communicable diseases, by type of disease and sex",https://www.who.int/data/gho/indicator-metadata-registry/imr-details/36,PUBLISHED,Published,,2019,2019,,EMR,Eastern Mediterranean,,DJI,2019,2019,Djibouti,,MLE,Male,,GHE110,Cardiovascular diseases,,913 [489-1539],912.79660,489.41270,1538.70200,,,
SDG_SH_DTH_RNCOM,"Number of deaths attributed to non-communicable diseases, by type of disease and sex",https://www.who.int/data/gho/indicator-metadata-registry/imr-details/36,PUBLISHED,Published,,2006,2006,,EMR,Eastern Mediterranean,,DJI,2006,2006,Djibouti,,MLE,Male,,GHE110,Cardiovascular diseases,,558 [307-924],557.52190,307.04820,924.22690,,,
SDG_SH_DTH_RNCOM,"Number of deaths attributed to non-communicable diseases, by type of disease and sex",https://www.who.int/data/gho/indicator-metadata-registry/imr-details/36,PUBLISHED,Published,,2013,2013,,EMR,Eastern Mediterranean,,DJI,2013,2013,Djibouti,,BTSX,Both sexes,,GHE110,Cardiovascular diseases,,1410 [769-2359],1410.08600,768.88130,2359.40000,,,
SDG_SH_DTH_RNCOM,"Number of deaths attributed to non-communicable diseases, by type of disease and sex",https://www.who.int/data/gho/indicator-metadata-registry/imr-details/36,PUBLISHED,Published,,2011,2011,,EMR,Eastern Mediterranean,,DJI,2011,2011,Djibouti,,MLE,Male,,GHE110,Cardiovascular diseases,,701 [381-1175],700.81700,380.96220,1175.30300,,,
SDG_SH_DTH_RNCOM,"Number of deaths attributed to non-communicable diseases, by type of disease and sex",https://www.who.int/data/gho/indicator-metadata-registry/imr-details/36,PUBLISHED,Published,,2018,2018,,EMR,Eastern Mediterranean,,DJI,2018,2018,Djibouti,,MLE,Male,,GHE110,Cardiovascular diseases,,890 [478-1503],889.80820,478.47090,1502.81600,,,
SDG_SH_DTH_RNCOM,"Number of deaths attributed to non-communicable diseases, by type of disease and sex",https://www.who.int/data/gho/indicator-metadata-registry/imr-details/36,PUBLISHED,Published,,2008,2008,,EMR,Eastern Mediterranean,,DJI,2008,2008,Djibouti,,MLE,Male,,GHE110,Cardiovascular diseases,,601 [330-1000],601.18900,330.24370,999.57370,,,
SDG_SH_DTH_RNCOM,"Number of deaths attributed to non-communicable diseases, by type of disease and sex",https://www.who.int/data/gho/indicator-metadata-registry/imr-details/36,PUBLISHED,Published,,2006,2006,,EMR,Eastern Mediterranean,,DJI,2006,2006,Djibouti,,BTSX,Both sexes,,GHE110,Cardiovascular diseases,,1062 [588-1747],1061.89100,588.25090,1746.99500,,,
SDG_SH_DTH_RNCOM,"Number of deaths attributed to non-communicable diseases, by type of disease and sex",https://www.who.int/data/gho/indicator-metadata-registry/imr-details/36,PUBLISHED,Published,,2003,2003,,EMR,Eastern Mediterranean,,DJI,2003,2003,Djibouti,,BTSX,Both sexes,,GHE110,Cardiovascular diseases,,979 [542-1617],979.14380,541.96650,1617.06200,,,
SDG_SH_DTH_RNCOM,"Number of deaths attributed to non-communicable diseases, by type of disease and sex",https://www.who.int/data/gho/indicator-metadata-registry/imr-details/36,PUBLISHED,Published,,2002,2002,,EMR,Eastern Mediterranean,,DJI,2002,2002,Djibouti,,BTSX,Both sexes,,GHE110,Cardiovascular diseases,,943 [522-1560],943.42950,522.39200,1560.14100,,,
SDG_SH_DTH_RNCOM,"Number of deaths attributed to non-communicable diseases, by type of disease and sex",https://www.who.int/data/gho/indicator-metadata-registry/imr-details/36,PUBLISHED,Published,,2015,2015,,EMR,Eastern Mediterranean,,DJI,2015,2015,Djibouti,,BTSX,Both sexes,,GHE110,Cardiovascular diseases,,1492 [809-2504],1492.41700,809.16060,2503.74100,,,
SDG_SH_DTH_RNCOM,"Number of deaths attributed to non-communicable diseases, by type of disease and sex",https://www.who.int/data/gho/indicator-metadata-registry/imr-details/36,PUBLISHED,Published,,2010,2010,,EMR,Eastern Mediterranean,,DJI,2010,2010,Djibouti,,BTSX,Both sexes,,GHE110,Cardiovascular diseases,,1243 [682-2062],1242.77100,681.86600,2062.00700,,,
SDG_SH_DTH_RNCOM,"Number of deaths attributed to non-communicable diseases, by type of disease and sex",https://www.who.int/data/gho/indicator-metadata-registry/imr-details/36,PUBLISHED,Published,,2005,2005,,EMR,Eastern Mediterranean,,DJI,2005,2005,Djibouti,,FMLE,Female,,GHE110,Cardiovascular diseases,,492 [274-804],492.30130,273.64920,803.56520,,,
SDG_SH_DTH_RNCOM,"Number of deaths attributed to non-communicable diseases, by type of disease and sex",https://www.who.int/data/gho/indicator-metadata-registry/imr-details/36,PUBLISHED,Published,,2007,2007,,EMR,Eastern Mediterranean,,DJI,2007,2007,Djibouti,,MLE,Male,,GHE110,Cardiovascular diseases,,575 [316-953],574.92780,316.24220,953.23180,,,
SDG_SH_DTH_RNCOM,"Number of deaths attributed to non-communicable diseases, by type of disease and sex",https://www.who.int/data/gho/indicator-metadata-registry/imr-details/36,PUBLISHED,Published,,2003,2003,,EMR,Eastern Mediterranean,,DJI,2003,2003,Djibouti,,FMLE,Female,,GHE110,Cardiovascular diseases,,472 [264-776],472.44970,263.53610,775.77850,,,
SDG_SH_DTH_RNCOM,"Number of deaths attributed to non-communicable diseases, by type of disease and sex",https://www.who.int/data/gho/indicator-metadata-registry/imr-details/36,PUBLISHED,Published,,2005,2005,,EMR,Eastern Mediterranean,,DJI,2005,2005,Djibouti,,BTSX,Both sexes,,GHE110,Cardiovascular diseases,,1030 [570-1695],1030.42300,570.12760,1694.99000,,,
SDG_SH_DTH_RNCOM,"Number of deaths attributed to non-communicable diseases, by type of disease and sex",https://www.who.int/data/gho/indicator-metadata-registry/imr-details/36,PUBLISHED,Published,,2001,2001,,EMR,Eastern Mediterranean,,DJI,2001,2001,Djibouti,,MLE,Male,,GHE110,Cardiovascular diseases,,469 [258-776],468.54000,257.86410,775.53090,,,
SDG_SH_DTH_RNCOM,"Number of deaths attributed to non-communicable diseases, by type of disease and sex",https://www.who.int/data/gho/indicator-metadata-registry/imr-details/36,PUBLISHED,Published,,2013,2013,,EMR,Eastern Mediterranean,,DJI,2013,2013,Djibouti,,MLE,Male,,GHE110,Cardiovascular diseases,,758 [409-1279],757.85930,408.82770,1278.75900,,,
SDG_SH_DTH_RNCOM,"Number of deaths attributed to non-communicable diseases, by type of disease and sex",https://www.who.int/data/gho/indicator-metadata-registry/imr-details/36,PUBLISHED,Published,,2000,2000,,EMR,Eastern Mediterranean,,DJI,2000,2000,Djibouti,,MLE,Male,,GHE110,Cardiovascular diseases,,464 [255-769],463.66080,255.48300,769.39400,,,
SDG_SH_DTH_RNCOM,"Number of deaths attributed to non-communicable diseases, by type of disease and sex",https://www.who.int/data/gho/indicator-metadata-registry/imr-details/36,PUBLISHED,Published,,2003,2003,,EMR,Eastern Mediterranean,,DJI,2003,2003,Djibouti,,MLE,Male,,GHE110,Cardiovascular diseases,,507 [278-841],506.69400,278.43040,841.28300,,,
SDG_SH_DTH_RNCOM,"Number of deaths attributed to non-communicable diseases, by type of disease and sex",https://www.who.int/data/gho/indicator-metadata-registry/imr-details/36,PUBLISHED,Published,,2001,2001,,EMR,Eastern Mediterranean,,DJI,2001,2001,Djibouti,,FMLE,Female,,GHE110,Cardiovascular diseases,,438 [244-721],437.66870,244.20350,721.06740,,,
SDG_SH_DTH_RNCOM,"Number of deaths attributed to non-communicable diseases, by type of disease and sex",https://www.who.int/data/gho/indicator-metadata-registry/imr-details/36,PUBLISHED,Published,,2018,2018,,EMR,Eastern Mediterranean,,DJI,2018,2018,Djibouti,,FMLE,Female,,GHE110,Cardiovascular diseases,,794 [441-1307],793.93690,440.88420,1306.94600,,,
SDG_SH_DTH_RNCOM,"Number of deaths attributed to non-communicable diseases, by type of disease and sex",https://www.who.int/data/gho/indicator-metadata-registry/imr-details/36,PUBLISHED,Published,,2012,2012,,EMR,Eastern Mediterranean,,DJI,2012,2012,Djibouti,,FMLE,Female,,GHE110,Cardiovascular diseases,,620 [342-1026],620.04070,342.31470,1026.27700,,,
SDG_SH_DTH_RNCOM,"Number of deaths attributed to non-communicable diseases, by type of disease and sex",https://www.who.int/data/gho/indicator-metadata-registry/imr-details/36,PUBLISHED,Published,,2000,2000,,EMR,Eastern Mediterranean,,DJI,2000,2000,Djibouti,,MLE,Male,,GHE080,Diabetes mellitus,,85 [48-139],84.74128,48.37514,138.88660,,,
SDG_SH_DTH_RNCOM,"Number of deaths attributed to non-communicable diseases, by type of disease and sex",https://www.who.int/data/gho/indicator-metadata-registry/imr-details/36,PUBLISHED,Published,,2006,2006,,EMR,Eastern Mediterranean,,DJI,2006,2006,Djibouti,,BTSX,Both sexes,,GHE080,Diabetes mellitus,,193 [109-314],192.70120,109.17080,313.73350,,,
SDG_SH_DTH_RNCOM,"Number of deaths attributed to non-communicable diseases, by type of disease and sex",https://www.who.int/data/gho/indicator-metadata-registry/imr-details/36,PUBLISHED,Published,,2004,2004,,EMR,Eastern Mediterranean,,DJI,2004,2004,Djibouti,,FMLE,Female,,GHE080,Diabetes mellitus,,79 [45-129],79.33757,44.98825,129.48270,,,
SDG_SH_DTH_RNCOM,"Number of deaths attributed to non-communicable diseases, by type of disease and sex",https://www.who.int/data/gho/indicator-metadata-registry/imr-details/36,PUBLISHED,Published,,2012,2012,,EMR,Eastern Mediterranean,,DJI,2012,2012,Djibouti,,BTSX,Both sexes,,GHE080,Diabetes mellitus,,257 [145-424],256.82590,145.02970,424.21830,,,
SDG_SH_DTH_RNCOM,"Number of deaths attributed to non-communicable diseases, by type of disease and sex",https://www.who.int/data/gho/indicator-metadata-registry/imr-details/36,PUBLISHED,Published,,2005,2005,,EMR,Eastern Mediterranean,,DJI,2005,2005,Djibouti,,BTSX,Both sexes,,GHE080,Diabetes mellitus,,185 [105-301],185.34400,105.11920,301.12160,,,
SDG_SH_DTH_RNCOM,"Number of deaths attributed to non-communicable diseases, by type of disease and sex",https://www.who.int/data/gho/indicator-metadata-registry/imr-details/36,PUBLISHED,Published,,2003,2003,,EMR,Eastern Mediterranean,,DJI,2003,2003,Djibouti,,FMLE,Female,,GHE080,Diabetes mellitus,,76 [43-124],76.08011,43.18844,124.23250,,,
SDG_SH_DTH_RNCOM,"Number of deaths attributed to non-communicable diseases, by type of disease and sex",https://www.who.int/data/gho/indicator-metadata-registry/imr-details/36,PUBLISHED,Published,,2014,2014,,EMR,Eastern Mediterranean,,DJI,2014,2014,Djibouti,,BTSX,Both sexes,,GHE080,Diabetes mellitus,,283 [159-467],282.62240,159.46840,466.50280,,,
SDG_SH_DTH_RNCOM,"Number of deaths attributed to non-communicable diseases, by type of disease and sex",https://www.who.int/data/gho/indicator-metadata-registry/imr-details/36,PUBLISHED,Published,,2018,2018,,EMR,Eastern Mediterranean,,DJI,2018,2018,Djibouti,,FMLE,Female,,GHE080,Diabetes mellitus,,145 [82-236],144.56970,81.73694,236.19790,,,
SDG_SH_DTH_RNCOM,"Number of deaths attributed to non-communicable diseases, by type of disease and sex",https://www.who.int/data/gho/indicator-metadata-registry/imr-details/36,PUBLISHED,Published,,2018,2018,,EMR,Eastern Mediterranean,,DJI,2018,2018,Djibouti,,BTSX,Both sexes,,GHE080,Diabetes mellitus,,334 [191-546],333.86340,191.01600,546.27610,,,
SDG_SH_DTH_RNCOM,"Number of deaths attributed to non-communicable diseases, by type of disease and sex",https://www.who.int/data/gho/indicator-metadata-registry/imr-details/36,PUBLISHED,Published,,2019,2019,,EMR,Eastern Mediterranean,,DJI,2019,2019,Djibouti,,FMLE,Female,,GHE080,Diabetes mellitus,,149 [85-245],149.47730,84.79755,245.11750,,,
SDG_SH_DTH_RNCOM,"Number of deaths attributed to non-communicable diseases, by type of disease and sex",https://www.who.int/data/gho/indicator-metadata-registry/imr-details/36,PUBLISHED,Published,,2001,2001,,EMR,Eastern Mediterranean,,DJI,2001,2001,Djibouti,,FMLE,Female,,GHE080,Diabetes mellitus,,68 [39-111],68.21021,38.94314,111.16220,,,
SDG_SH_DTH_RNCOM,"Number of deaths attributed to non-communicable diseases, by type of disease and sex",https://www.who.int/data/gho/indicator-metadata-registry/imr-details/36,PUBLISHED,Published,,2001,2001,,EMR,Eastern Mediterranean,,DJI,2001,2001,Djibouti,,BTSX,Both sexes,,GHE080,Diabetes mellitus,,155 [88-254],154.99440,88.43934,253.68000,,,
SDG_SH_DTH_RNCOM,"Number of deaths attributed to non-communicable diseases, by type of disease and sex",https://www.who.int/data/gho/indicator-metadata-registry/imr-details/36,PUBLISHED,Published,,2004,2004,,EMR,Eastern Mediterranean,,DJI,2004,2004,Djibouti,,MLE,Male,,GHE080,Diabetes mellitus,,100 [57-163],100.19850,57.05122,162.69240,,,
SDG_SH_DTH_RNCOM,"Number of deaths attributed to non-communicable diseases, by type of disease and sex",https://www.who.int/data/gho/indicator-metadata-registry/imr-details/36,PUBLISHED,Published,,2017,2017,,EMR,Eastern Mediterranean,,DJI,2017,2017,Djibouti,,BTSX,Both sexes,,GHE080,Diabetes mellitus,,321 [183-527],321.47700,183.06690,527.04880,,,
SDG_SH_DTH_RNCOM,"Number of deaths attributed to non-communicable diseases, by type of disease and sex",https://www.who.int/data/gho/indicator-metadata-registry/imr-details/36,PUBLISHED,Published,,2007,2007,,EMR,Eastern Mediterranean,,DJI,2007,2007,Djibouti,,BTSX,Both sexes,,GHE080,Diabetes mellitus,,200 [113-325],199.63270,112.96860,325.33060,,,
SDG_SH_DTH_RNCOM,"Number of deaths attributed to non-communicable diseases, by type of disease and sex",https://www.who.int/data/gho/indicator-metadata-registry/imr-details/36,PUBLISHED,Published,,2007,2007,,EMR,Eastern Mediterranean,,DJI,2007,2007,Djibouti,,MLE,Male,,GHE080,Diabetes mellitus,,113 [64-185],113.26580,64.29656,184.55760,,,
SDG_SH_DTH_RNCOM,"Number of deaths attributed to non-communicable diseases, by type of disease and sex",https://www.who.int/data/gho/indicator-metadata-registry/imr-details/36,PUBLISHED,Published,,2017,2017,,EMR,Eastern Mediterranean,,DJI,2017,2017,Djibouti,,FMLE,Female,,GHE080,Diabetes mellitus,,138 [78-227],137.94480,77.77578,226.72360,,,
SDG_SH_DTH_RNCOM,"Number of deaths attributed to non-communicable diseases, by type of disease and sex",https://www.who.int/data/gho/indicator-metadata-registry/imr-details/36,PUBLISHED,Published,,2011,2011,,EMR,Eastern Mediterranean,,DJI,2011,2011,Djibouti,,FMLE,Female,,GHE080,Diabetes mellitus,,103 [58-170],102.96150,58.21899,169.70860,,,
SDG_SH_DTH_RNCOM,"Number of deaths attributed to non-communicable diseases, by type of disease and sex",https://www.who.int/data/gho/indicator-metadata-registry/imr-details/36,PUBLISHED,Published,,2010,2010,,EMR,Eastern Mediterranean,,DJI,2010,2010,Djibouti,,FMLE,Female,,GHE080,Diabetes mellitus,,99 [56-163],99.13953,56.12593,162.84050,,,
SDG_SH_DTH_RNCOM,"Number of deaths attributed to non-communicable diseases, by type of disease and sex",https://www.who.int/data/gho/indicator-metadata-registry/imr-details/36,PUBLISHED,Published,,2003,2003,,EMR,Eastern Mediterranean,,DJI,2003,2003,Djibouti,,MLE,Male,,GHE080,Diabetes mellitus,,96 [55-157],96.03854,54.60785,156.52280,,,
SDG_SH_DTH_RNCOM,"Number of deaths attributed to non-communicable diseases, by type of disease and sex",https://www.who.int/data/gho/indicator-metadata-registry/imr-details/36,PUBLISHED,Published,,2011,2011,,EMR,Eastern Mediterranean,,DJI,2011,2011,Djibouti,,MLE,Male,,GHE080,Diabetes mellitus,,143 [80-235],142.51890,80.37234,235.25230,,,
SDG_SH_DTH_RNCOM,"Number of deaths attributed to non-communicable diseases, by type of disease and sex",https://www.who.int/data/gho/indicator-metadata-registry/imr-details/36,PUBLISHED,Published,,2000,2000,,EMR,Eastern Mediterranean,,DJI,2000,2000,Djibouti,,FMLE,Female,,GHE080,Diabetes mellitus,,66 [38-106],65.68336,37.77821,106.13510,,,
SDG_SH_DTH_RNCOM,"Number of deaths attributed to non-communicable diseases, by type of disease and sex",https://www.who.int/data/gho/indicator-metadata-registry/imr-details/36,PUBLISHED,Published,,2017,2017,,EMR,Eastern Mediterranean,,DJI,2017,2017,Djibouti,,MLE,Male,,GHE080,Diabetes mellitus,,184 [105-300],183.53220,105.29110,300.32520,,,
SDG_SH_DTH_RNCOM,"Number of deaths attributed to non-communicable diseases, by type of disease and sex",https://www.who.int/data/gho/indicator-metadata-registry/imr-details/36,PUBLISHED,Published,,2006,2006,,EMR,Eastern Mediterranean,,DJI,2006,2006,Djibouti,,MLE,Male,,GHE080,Diabetes mellitus,,109 [62-177],108.96010,61.78481,177.35070,,,
SDG_SH_DTH_RNCOM,"Number of deaths attributed to non-communicable diseases, by type of disease and sex",https://www.who.int/data/gho/indicator-metadata-registry/imr-details/36,PUBLISHED,Published,,2008,2008,,EMR,Eastern Mediterranean,,DJI,2008,2008,Djibouti,,MLE,Male,,GHE080,Diabetes mellitus,,119 [67-194],119.38710,67.48574,194.48490,,,
SDG_SH_DTH_RNCOM,"Number of deaths attributed to non-communicable diseases, by type of disease and sex",https://www.who.int/data/gho/indicator-metadata-registry/imr-details/36,PUBLISHED,Published,,2002,2002,,EMR,Eastern Mediterranean,,DJI,2002,2002,Djibouti,,FMLE,Female,,GHE080,Diabetes mellitus,,72 [41-118],71.90256,40.62213,117.55020,,,
SDG_SH_DTH_RNCOM,"Number of deaths attributed to non-communicable diseases, by type of disease and sex",https://www.who.int/data/gho/indicator-metadata-registry/imr-details/36,PUBLISHED,Published,,2005,2005,,EMR,Eastern Mediterranean,,DJI,2005,2005,Djibouti,,MLE,Male,,GHE080,Diabetes mellitus,,104 [59-168],103.90410,59.14787,168.40550,,,
SDG_SH_DTH_RNCOM,"Number of deaths attributed to non-communicable diseases, by type of disease and sex",https://www.who.int/data/gho/indicator-metadata-registry/imr-details/36,PUBLISHED,Published,,2002,2002,,EMR,Eastern Mediterranean,,DJI,2002,2002,Djibouti,,MLE,Male,,GHE080,Diabetes mellitus,,92 [52-150],91.66960,52.34080,150.02220,,,
SDG_SH_DTH_RNCOM,"Number of deaths attributed to non-communicable diseases, by type of disease and sex",https://www.who.int/data/gho/indicator-metadata-registry/imr-details/36,PUBLISHED,Published,,2015,2015,,EMR,Eastern Mediterranean,,DJI,2015,2015,Djibouti,,MLE,Male,,GHE080,Diabetes mellitus,,166 [94-272],165.78100,94.45798,271.83960,,,
SDG_SH_DTH_RNCOM,"Number of deaths attributed to non-communicable diseases, by type of disease and sex",https://www.who.int/data/gho/indicator-metadata-registry/imr-details/36,PUBLISHED,Published,,2009,2009,,EMR,Eastern Mediterranean,,DJI,2009,2009,Djibouti,,MLE,Male,,GHE080,Diabetes mellitus,,127 [72-207],126.59780,71.55772,206.56800,,,
SDG_SH_DTH_RNCOM,"Number of deaths attributed to non-communicable diseases, by type of disease and sex",https://www.who.int/data/gho/indicator-metadata-registry/imr-details/36,PUBLISHED,Published,,2006,2006,,EMR,Eastern Mediterranean,,DJI,2006,2006,Djibouti,,FMLE,Female,,GHE080,Diabetes mellitus,,84 [47-136],83.74109,47.38597,136.38280,,,
SDG_SH_DTH_RNCOM,"Number of deaths attributed to non-communicable diseases, by type of disease and sex",https://www.who.int/data/gho/indicator-metadata-registry/imr-details/36,PUBLISHED,Published,,2016,2016,,EMR,Eastern Mediterranean,,DJI,2016,2016,Djibouti,,BTSX,Both sexes,,GHE080,Diabetes mellitus,,306 [174-502],305.82780,173.75470,502.41560,,,
SDG_SH_DTH_RNCOM,"Number of deaths attributed to non-communicable diseases, by type of disease and sex",https://www.who.int/data/gho/indicator-metadata-registry/imr-details/36,PUBLISHED,Published,,2014,2014,,EMR,Eastern Mediterranean,,DJI,2014,2014,Djibouti,,MLE,Male,,GHE080,Diabetes mellitus,,163 [92-268],162.81850,92.27631,267.88040,,,
SDG_SH_DTH_RNCOM,"Number of deaths attributed to non-communicable diseases, by type of disease and sex",https://www.who.int/data/gho/indicator-metadata-registry/imr-details/36,PUBLISHED,Published,,2001,2001,,EMR,Eastern Mediterranean,,DJI,2001,2001,Djibouti,,MLE,Male,,GHE080,Diabetes mellitus,,87 [49-143],86.78416,49.49620,142.51780,,,
SDG_SH_DTH_RNCOM,"Number of deaths attributed to non-communicable diseases, by type of disease and sex",https://www.who.int/data/gho/indicator-metadata-registry/imr-details/36,PUBLISHED,Published,,2011,2011,,EMR,Eastern Mediterranean,,DJI,2011,2011,Djibouti,,BTSX,Both sexes,,GHE080,Diabetes mellitus,,245 [139-405],245.48040,138.59130,404.96100,,,
SDG_SH_DTH_RNCOM,"Number of deaths attributed to non-communicable diseases, by type of disease and sex",https://www.who.int/data/gho/indicator-metadata-registry/imr-details/36,PUBLISHED,Published,,2013,2013,,EMR,Eastern Mediterranean,,DJI,2013,2013,Djibouti,,BTSX,Both sexes,,GHE080,Diabetes mellitus,,271 [153-446],270.53640,152.56830,446.44720,,,
SDG_SH_DTH_RNCOM,"Number of deaths attributed to non-communicable diseases, by type of disease and sex",https://www.who.int/data/gho/indicator-metadata-registry/imr-details/36,PUBLISHED,Published,,2014,2014,,EMR,Eastern Mediterranean,,DJI,2014,2014,Djibouti,,FMLE,Female,,GHE080,Diabetes mellitus,,120 [67-199],119.80400,67.19209,198.62240,,,
SDG_SH_DTH_RNCOM,"Number of deaths attributed to non-communicable diseases, by type of disease and sex",https://www.who.int/data/gho/indicator-metadata-registry/imr-details/36,PUBLISHED,Published,,2004,2004,,EMR,Eastern Mediterranean,,DJI,2004,2004,Djibouti,,BTSX,Both sexes,,GHE080,Diabetes mellitus,,180 [102-292],179.53610,102.03950,292.17510,,,
SDG_SH_DTH_RNCOM,"Number of deaths attributed to non-communicable diseases, by type of disease and sex",https://www.who.int/data/gho/indicator-metadata-registry/imr-details/36,PUBLISHED,Published,,2005,2005,,EMR,Eastern Mediterranean,,DJI,2005,2005,Djibouti,,FMLE,Female,,GHE080,Diabetes mellitus,,81 [46-133],81.43987,45.97138,132.71600,,,
SDG_SH_DTH_RNCOM,"Number of deaths attributed to non-communicable diseases, by type of disease and sex",https://www.who.int/data/gho/indicator-metadata-registry/imr-details/36,PUBLISHED,Published,,2015,2015,,EMR,Eastern Mediterranean,,DJI,2015,2015,Djibouti,,FMLE,Female,,GHE080,Diabetes mellitus,,125 [70-207],124.67900,69.53009,206.74980,,,
SDG_SH_DTH_RNCOM,"Number of deaths attributed to non-communicable diseases, by type of disease and sex",https://www.who.int/data/gho/indicator-metadata-registry/imr-details/36,PUBLISHED,Published,,2009,2009,,EMR,Eastern Mediterranean,,DJI,2009,2009,Djibouti,,FMLE,Female,,GHE080,Diabetes mellitus,,94 [53-155],93.87483,52.82260,154.54210,,,
SDG_SH_DTH_RNCOM,"Number of deaths attributed to non-communicable diseases, by type of disease and sex",https://www.who.int/data/gho/indicator-metadata-registry/imr-details/36,PUBLISHED,Published,,2019,2019,,EMR,Eastern Mediterranean,,DJI,2019,2019,Djibouti,,BTSX,Both sexes,,GHE080,Diabetes mellitus,,345 [197-565],345.01320,197.22480,565.40210,,,
SDG_SH_DTH_RNCOM,"Number of deaths attributed to non-communicable diseases, by type of disease and sex",https://www.who.int/data/gho/indicator-metadata-registry/imr-details/36,PUBLISHED,Published,,2010,2010,,EMR,Eastern Mediterranean,,DJI,2010,2010,Djibouti,,MLE,Male,,GHE080,Diabetes mellitus,,135 [76-221],134.97310,75.75567,221.36460,,,
SDG_SH_DTH_RNCOM,"Number of deaths attributed to non-communicable diseases, by type of disease and sex",https://www.who.int/data/gho/indicator-metadata-registry/imr-details/36,PUBLISHED,Published,,2002,2002,,EMR,Eastern Mediterranean,,DJI,2002,2002,Djibouti,,BTSX,Both sexes,,GHE080,Diabetes mellitus,,164 [93-268],163.57220,92.96293,267.57240,,,
SDG_SH_DTH_RNCOM,"Number of deaths attributed to non-communicable diseases, by type of disease and sex",https://www.who.int/data/gho/indicator-metadata-registry/imr-details/36,PUBLISHED,Published,,2018,2018,,EMR,Eastern Mediterranean,,DJI,2018,2018,Djibouti,,MLE,Male,,GHE080,Diabetes mellitus,,189 [109-310],189.29370,109.27900,310.07810,,,
SDG_SH_DTH_RNCOM,"Number of deaths attributed to non-communicable diseases, by type of disease and sex",https://www.who.int/data/gho/indicator-metadata-registry/imr-details/36,PUBLISHED,Published,,2003,2003,,EMR,Eastern Mediterranean,,DJI,2003,2003,Djibouti,,BTSX,Both sexes,,GHE080,Diabetes mellitus,,172 [98-281],172.11870,97.79629,280.75540,,,
SDG_SH_DTH_RNCOM,"Number of deaths attributed to non-communicable diseases, by type of disease and sex",https://www.who.int/data/gho/indicator-metadata-registry/imr-details/36,PUBLISHED,Published,,2008,2008,,EMR,Eastern Mediterranean,,DJI,2008,2008,Djibouti,,FMLE,Female,,GHE080,Diabetes mellitus,,89 [50-146],89.44637,50.43256,146.31210,,,
SDG_SH_DTH_RNCOM,"Number of deaths attributed to non-communicable diseases, by type of disease and sex",https://www.who.int/data/gho/indicator-metadata-registry/imr-details/36,PUBLISHED,Published,,2012,2012,,EMR,Eastern Mediterranean,,DJI,2012,2012,Djibouti,,FMLE,Female,,GHE080,Diabetes mellitus,,108 [61-178],107.63000,60.86625,177.74180,,,
SDG_SH_DTH_RNCOM,"Number of deaths attributed to non-communicable diseases, by type of disease and sex",https://www.who.int/data/gho/indicator-metadata-registry/imr-details/36,PUBLISHED,Published,,2010,2010,,EMR,Eastern Mediterranean,,DJI,2010,2010,Djibouti,,BTSX,Both sexes,,GHE080,Diabetes mellitus,,234 [132-384],234.11270,131.88160,384.20500,,,
SDG_SH_DTH_RNCOM,"Number of deaths attributed to non-communicable diseases, by type of disease and sex",https://www.who.int/data/gho/indicator-metadata-registry/imr-details/36,PUBLISHED,Published,,2000,2000,,EMR,Eastern Mediterranean,,DJI,2000,2000,Djibouti,,BTSX,Both sexes,,GHE080,Diabetes mellitus,,150 [86-245],150.42470,86.15334,245.02160,,,
SDG_SH_DTH_RNCOM,"Number of deaths attributed to non-communicable diseases, by type of disease and sex",https://www.who.int/data/gho/indicator-metadata-registry/imr-details/36,PUBLISHED,Published,,2016,2016,,EMR,Eastern Mediterranean,,DJI,2016,2016,Djibouti,,MLE,Male,,GHE080,Diabetes mellitus,,175 [100-286],174.82680,99.98803,286.09520,,,
SDG_SH_DTH_RNCOM,"Number of deaths attributed to non-communicable diseases, by type of disease and sex",https://www.who.int/data/gho/indicator-metadata-registry/imr-details/36,PUBLISHED,Published,,2016,2016,,EMR,Eastern Mediterranean,,DJI,2016,2016,Djibouti,,FMLE,Female,,GHE080,Diabetes mellitus,,131 [74-216],131.00100,73.76672,216.32040,,,
SDG_SH_DTH_RNCOM,"Number of deaths attributed to non-communicable diseases, by type of disease and sex",https://www.who.int/data/gho/indicator-metadata-registry/imr-details/36,PUBLISHED,Published,,2008,2008,,EMR,Eastern Mediterranean,,DJI,2008,2008,Djibouti,,BTSX,Both sexes,,GHE080,Diabetes mellitus,,209 [118-341],208.83350,117.91830,340.79710,,,
SDG_SH_DTH_RNCOM,"Number of deaths attributed to non-communicable diseases, by type of disease and sex",https://www.who.int/data/gho/indicator-metadata-registry/imr-details/36,PUBLISHED,Published,,2013,2013,,EMR,Eastern Mediterranean,,DJI,2013,2013,Djibouti,,MLE,Male,,GHE080,Diabetes mellitus,,156 [88-257],156.21700,88.33292,256.92730,,,
SDG_SH_DTH_RNCOM,"Number of deaths attributed to non-communicable diseases, by type of disease and sex",https://www.who.int/data/gho/indicator-metadata-registry/imr-details/36,PUBLISHED,Published,,2013,2013,,EMR,Eastern Mediterranean,,DJI,2013,2013,Djibouti,,FMLE,Female,,GHE080,Diabetes mellitus,,114 [64-190],114.31930,64.23534,189.51990,,,
SDG_SH_DTH_RNCOM,"Number of deaths attributed to non-communicable diseases, by type of disease and sex",https://www.who.int/data/gho/indicator-metadata-registry/imr-details/36,PUBLISHED,Published,,2012,2012,,EMR,Eastern Mediterranean,,DJI,2012,2012,Djibouti,,MLE,Male,,GHE080,Diabetes mellitus,,149 [84-246],149.19580,84.16348,246.47650,,,
SDG_SH_DTH_RNCOM,"Number of deaths attributed to non-communicable diseases, by type of disease and sex",https://www.who.int/data/gho/indicator-metadata-registry/imr-details/36,PUBLISHED,Published,,2019,2019,,EMR,Eastern Mediterranean,,DJI,2019,2019,Djibouti,,MLE,Male,,GHE080,Diabetes mellitus,,196 [112-320],195.53590,112.42720,320.28460,,,
SDG_SH_DTH_RNCOM,"Number of deaths attributed to non-communicable diseases, by type of disease and sex",https://www.who.int/data/gho/indicator-metadata-registry/imr-details/36,PUBLISHED,Published,,2015,2015,,EMR,Eastern Mediterranean,,DJI,2015,2015,Djibouti,,BTSX,Both sexes,,GHE080,Diabetes mellitus,,290 [164-479],290.45990,163.98810,478.58940,,,
SDG_SH_DTH_RNCOM,"Number of deaths attributed to non-communicable diseases, by type of disease and sex",https://www.who.int/data/gho/indicator-metadata-registry/imr-details/36,PUBLISHED,Published,,2009,2009,,EMR,Eastern Mediterranean,,DJI,2009,2009,Djibouti,,BTSX,Both sexes,,GHE080,Diabetes mellitus,,220 [124-361],220.47260,124.38030,361.11010,,,
SDG_SH_DTH_RNCOM,"Number of deaths attributed to non-communicable diseases, by type of disease and sex",https://www.who.int/data/gho/indicator-metadata-registry/imr-details/36,PUBLISHED,Published,,2007,2007,,EMR,Eastern Mediterranean,,DJI,2007,2007,Djibouti,,FMLE,Female,,GHE080,Diabetes mellitus,,86 [49-141],86.36694,48.67200,140.77300,,,
SDG_SH_DTH_RNCOM,"Number of deaths attributed to non-communicable diseases, by type of disease and sex",https://www.who.int/data/gho/indicator-metadata-registry/imr-details/36,PUBLISHED,Published,,2015,2015,,EMR,Eastern Mediterranean,,DJI,2015,2015,Djibouti,,MLE,Male,,GHE061,Malignant neoplasms,,174 [92-307],173.57720,92.15709,307.11780,,,
SDG_SH_DTH_RNCOM,"Number of deaths attributed to non-communicable diseases, by type of disease and sex",https://www.who.int/data/gho/indicator-metadata-registry/imr-details/36,PUBLISHED,Published,,2006,2006,,EMR,Eastern Mediterranean,,DJI,2006,2006,Djibouti,,BTSX,Both sexes,,GHE061,Malignant neoplasms,,304 [159-524],304.38430,159.33960,524.23150,,,
SDG_SH_DTH_RNCOM,"Number of deaths attributed to non-communicable diseases, by type of disease and sex",https://www.who.int/data/gho/indicator-metadata-registry/imr-details/36,PUBLISHED,Published,,2016,2016,,EMR,Eastern Mediterranean,,DJI,2016,2016,Djibouti,,BTSX,Both sexes,,GHE061,Malignant neoplasms,,439 [231-771],438.69740,230.79880,770.91840,,,
SDG_SH_DTH_RNCOM,"Number of deaths attributed to non-communicable diseases, by type of disease and sex",https://www.who.int/data/gho/indicator-metadata-registry/imr-details/36,PUBLISHED,Published,,2009,2009,,EMR,Eastern Mediterranean,,DJI,2009,2009,Djibouti,,MLE,Male,,GHE061,Malignant neoplasms,,141 [75-244],140.59760,74.85637,244.29810,,,
SDG_SH_DTH_RNCOM,"Number of deaths attributed to non-communicable diseases, by type of disease and sex",https://www.who.int/data/gho/indicator-metadata-registry/imr-details/36,PUBLISHED,Published,,2003,2003,,EMR,Eastern Mediterranean,,DJI,2003,2003,Djibouti,,FMLE,Female,,GHE061,Malignant neoplasms,,162 [85-276],162.06830,84.62046,276.29530,,,
SDG_SH_DTH_RNCOM,"Number of deaths attributed to non-communicable diseases, by type of disease and sex",https://www.who.int/data/gho/indicator-metadata-registry/imr-details/36,PUBLISHED,Published,,2007,2007,,EMR,Eastern Mediterranean,,DJI,2007,2007,Djibouti,,BTSX,Both sexes,,GHE061,Malignant neoplasms,,320 [167-553],319.98910,166.98330,553.15410,,,
SDG_SH_DTH_RNCOM,"Number of deaths attributed to non-communicable diseases, by type of disease and sex",https://www.who.int/data/gho/indicator-metadata-registry/imr-details/36,PUBLISHED,Published,,2014,2014,,EMR,Eastern Mediterranean,,DJI,2014,2014,Djibouti,,FMLE,Female,,GHE061,Malignant neoplasms,,241 [125-422],240.97730,124.75700,422.36320,,,
SDG_SH_DTH_RNCOM,"Number of deaths attributed to non-communicable diseases, by type of disease and sex",https://www.who.int/data/gho/indicator-metadata-registry/imr-details/36,PUBLISHED,Published,,2017,2017,,EMR,Eastern Mediterranean,,DJI,2017,2017,Djibouti,,FMLE,Female,,GHE061,Malignant neoplasms,,274 [144-478],274.27840,143.78500,478.15230,,,
SDG_SH_DTH_RNCOM,"Number of deaths attributed to non-communicable diseases, by type of disease and sex",https://www.who.int/data/gho/indicator-metadata-registry/imr-details/36,PUBLISHED,Published,,2004,2004,,EMR,Eastern Mediterranean,,DJI,2004,2004,Djibouti,,MLE,Male,,GHE061,Malignant neoplasms,,111 [59-189],110.50930,59.31583,189.48910,,,
SDG_SH_DTH_RNCOM,"Number of deaths attributed to non-communicable diseases, by type of disease and sex",https://www.who.int/data/gho/indicator-metadata-registry/imr-details/36,PUBLISHED,Published,,2008,2008,,EMR,Eastern Mediterranean,,DJI,2008,2008,Djibouti,,BTSX,Both sexes,,GHE061,Malignant neoplasms,,333 [174-578],333.49020,173.58640,577.98650,,,
SDG_SH_DTH_RNCOM,"Number of deaths attributed to non-communicable diseases, by type of disease and sex",https://www.who.int/data/gho/indicator-metadata-registry/imr-details/36,PUBLISHED,Published,,2011,2011,,EMR,Eastern Mediterranean,,DJI,2011,2011,Djibouti,,BTSX,Both sexes,,GHE061,Malignant neoplasms,,377 [196-658],376.61710,196.29720,657.94280,,,
SDG_SH_DTH_RNCOM,"Number of deaths attributed to non-communicable diseases, by type of disease and sex",https://www.who.int/data/gho/indicator-metadata-registry/imr-details/36,PUBLISHED,Published,,2002,2002,,EMR,Eastern Mediterranean,,DJI,2002,2002,Djibouti,,FMLE,Female,,GHE061,Malignant neoplasms,,160 [84-274],160.06850,83.69205,273.61180,,,
SDG_SH_DTH_RNCOM,"Number of deaths attributed to non-communicable diseases, by type of disease and sex",https://www.who.int/data/gho/indicator-metadata-registry/imr-details/36,PUBLISHED,Published,,2004,2004,,EMR,Eastern Mediterranean,,DJI,2004,2004,Djibouti,,BTSX,Both sexes,,GHE061,Malignant neoplasms,,286 [151-489],285.90510,150.83580,488.75090,,,
SDG_SH_DTH_RNCOM,"Number of deaths attributed to non-communicable diseases, by type of disease and sex",https://www.who.int/data/gho/indicator-metadata-registry/imr-details/36,PUBLISHED,Published,,2014,2014,,EMR,Eastern Mediterranean,,DJI,2014,2014,Djibouti,,MLE,Male,,GHE061,Malignant neoplasms,,167 [88-295],166.50690,88.35270,295.05640,,,
SDG_SH_DTH_RNCOM,"Number of deaths attributed to non-communicable diseases, by type of disease and sex",https://www.who.int/data/gho/indicator-metadata-registry/imr-details/36,PUBLISHED,Published,,2001,2001,,EMR,Eastern Mediterranean,,DJI,2001,2001,Djibouti,,FMLE,Female,,GHE061,Malignant neoplasms,,154 [81-263],153.94270,80.96291,262.81250,,,
SDG_SH_DTH_RNCOM,"Number of deaths attributed to non-communicable diseases, by type of disease and sex",https://www.who.int/data/gho/indicator-metadata-registry/imr-details/36,PUBLISHED,Published,,2016,2016,,EMR,Eastern Mediterranean,,DJI,2016,2016,Djibouti,,MLE,Male,,GHE061,Malignant neoplasms,,179 [95-316],178.66850,95.32819,316.33040,,,
SDG_SH_DTH_RNCOM,"Number of deaths attributed to non-communicable diseases, by type of disease and sex",https://www.who.int/data/gho/indicator-metadata-registry/imr-details/36,PUBLISHED,Published,,2012,2012,,EMR,Eastern Mediterranean,,DJI,2012,2012,Djibouti,,BTSX,Both sexes,,GHE061,Malignant neoplasms,,391 [204-683],390.91270,204.21970,683.43770,,,
SDG_SH_DTH_RNCOM,"Number of deaths attributed to non-communicable diseases, by type of disease and sex",https://www.who.int/data/gho/indicator-metadata-registry/imr-details/36,PUBLISHED,Published,,2019,2019,,EMR,Eastern Mediterranean,,DJI,2019,2019,Djibouti,,BTSX,Both sexes,,GHE061,Malignant neoplasms,,508 [267-894],508.05910,267.46480,894.10070,,,
SDG_SH_DTH_RNCOM,"Number of deaths attributed to non-communicable diseases, by type of disease and sex",https://www.who.int/data/gho/indicator-metadata-registry/imr-details/36,PUBLISHED,Published,,2018,2018,,EMR,Eastern Mediterranean,,DJI,2018,2018,Djibouti,,BTSX,Both sexes,,GHE061,Malignant neoplasms,,488 [258-858],487.84680,257.50390,858.11760,,,
SDG_SH_DTH_RNCOM,"Number of deaths attributed to non-communicable diseases, by type of disease and sex",https://www.who.int/data/gho/indicator-metadata-registry/imr-details/36,PUBLISHED,Published,,2015,2015,,EMR,Eastern Mediterranean,,DJI,2015,2015,Djibouti,,BTSX,Both sexes,,GHE061,Malignant neoplasms,,426 [223-749],426.18960,222.95940,749.27130,,,
SDG_SH_DTH_RNCOM,"Number of deaths attributed to non-communicable diseases, by type of disease and sex",https://www.who.int/data/gho/indicator-metadata-registry/imr-details/36,PUBLISHED,Published,,2003,2003,,EMR,Eastern Mediterranean,,DJI,2003,2003,Djibouti,,BTSX,Both sexes,,GHE061,Malignant neoplasms,,265 [140-453],265.11950,139.80170,453.11170,,,
SDG_SH_DTH_RNCOM,"Number of deaths attributed to non-communicable diseases, by type of disease and sex",https://www.who.int/data/gho/indicator-metadata-registry/imr-details/36,PUBLISHED,Published,,2011,2011,,EMR,Eastern Mediterranean,,DJI,2011,2011,Djibouti,,FMLE,Female,,GHE061,Malignant neoplasms,,222 [114-387],222.05000,114.22020,387.23140,,,
SDG_SH_DTH_RNCOM,"Number of deaths attributed to non-communicable diseases, by type of disease and sex",https://www.who.int/data/gho/indicator-metadata-registry/imr-details/36,PUBLISHED,Published,,2015,2015,,EMR,Eastern Mediterranean,,DJI,2015,2015,Djibouti,,FMLE,Female,,GHE061,Malignant neoplasms,,253 [131-442],252.61240,130.80230,442.15350,,,
SDG_SH_DTH_RNCOM,"Number of deaths attributed to non-communicable diseases, by type of disease and sex",https://www.who.int/data/gho/indicator-metadata-registry/imr-details/36,PUBLISHED,Published,,2012,2012,,EMR,Eastern Mediterranean,,DJI,2012,2012,Djibouti,,FMLE,Female,,GHE061,Malignant neoplasms,,231 [119-402],230.56390,119.01490,401.66890,,,
SDG_SH_DTH_RNCOM,"Number of deaths attributed to non-communicable diseases, by type of disease and sex",https://www.who.int/data/gho/indicator-metadata-registry/imr-details/36,PUBLISHED,Published,,2010,2010,,EMR,Eastern Mediterranean,,DJI,2010,2010,Djibouti,,FMLE,Female,,GHE061,Malignant neoplasms,,214 [110-372],214.29260,109.99460,372.17800,,,
SDG_SH_DTH_RNCOM,"Number of deaths attributed to non-communicable diseases, by type of disease and sex",https://www.who.int/data/gho/indicator-metadata-registry/imr-details/36,PUBLISHED,Published,,2005,2005,,EMR,Eastern Mediterranean,,DJI,2005,2005,Djibouti,,BTSX,Both sexes,,GHE061,Malignant neoplasms,,297 [156-509],296.97720,155.75550,508.98520,,,
SDG_SH_DTH_RNCOM,"Number of deaths attributed to non-communicable diseases, by type of disease and sex",https://www.who.int/data/gho/indicator-metadata-registry/imr-details/36,PUBLISHED,Published,,2013,2013,,EMR,Eastern Mediterranean,,DJI,2013,2013,Djibouti,,BTSX,Both sexes,,GHE061,Malignant neoplasms,,404 [211-710],404.19260,211.14600,710.10630,,,
SDG_SH_DTH_RNCOM,"Number of deaths attributed to non-communicable diseases, by type of disease and sex",https://www.who.int/data/gho/indicator-metadata-registry/imr-details/36,PUBLISHED,Published,,2006,2006,,EMR,Eastern Mediterranean,,DJI,2006,2006,Djibouti,,FMLE,Female,,GHE061,Malignant neoplasms,,184 [95-317],184.30930,95.07764,316.74820,,,
SDG_SH_DTH_RNCOM,"Number of deaths attributed to non-communicable diseases, by type of disease and sex",https://www.who.int/data/gho/indicator-metadata-registry/imr-details/36,PUBLISHED,Published,,2003,2003,,EMR,Eastern Mediterranean,,DJI,2003,2003,Djibouti,,MLE,Male,,GHE061,Malignant neoplasms,,103 [55-177],103.05120,55.18126,176.81640,,,
SDG_SH_DTH_RNCOM,"Number of deaths attributed to non-communicable diseases, by type of disease and sex",https://www.who.int/data/gho/indicator-metadata-registry/imr-details/36,PUBLISHED,Published,,2011,2011,,EMR,Eastern Mediterranean,,DJI,2011,2011,Djibouti,,MLE,Male,,GHE061,Malignant neoplasms,,155 [82-271],154.56700,82.07698,270.71150,,,
SDG_SH_DTH_RNCOM,"Number of deaths attributed to non-communicable diseases, by type of disease and sex",https://www.who.int/data/gho/indicator-metadata-registry/imr-details/36,PUBLISHED,Published,,2002,2002,,EMR,Eastern Mediterranean,,DJI,2002,2002,Djibouti,,BTSX,Both sexes,,GHE061,Malignant neoplasms,,261 [138-447],261.14710,137.69690,447.47640,,,
SDG_SH_DTH_RNCOM,"Number of deaths attributed to non-communicable diseases, by type of disease and sex",https://www.who.int/data/gho/indicator-metadata-registry/imr-details/36,PUBLISHED,Published,,2007,2007,,EMR,Eastern Mediterranean,,DJI,2007,2007,Djibouti,,MLE,Male,,GHE061,Malignant neoplasms,,128 [68-221],127.79820,68.31375,221.37150,,,
SDG_SH_DTH_RNCOM,"Number of deaths attributed to non-communicable diseases, by type of disease and sex",https://www.who.int/data/gho/indicator-metadata-registry/imr-details/36,PUBLISHED,Published,,2012,2012,,EMR,Eastern Mediterranean,,DJI,2012,2012,Djibouti,,MLE,Male,,GHE061,Malignant neoplasms,,160 [85-282],160.34880,85.20481,281.76890,,,
SDG_SH_DTH_RNCOM,"Number of deaths attributed to non-communicable diseases, by type of disease and sex",https://www.who.int/data/gho/indicator-metadata-registry/imr-details/36,PUBLISHED,Published,,2010,2010,,EMR,Eastern Mediterranean,,DJI,2010,2010,Djibouti,,MLE,Male,,GHE061,Malignant neoplasms,,149 [79-260],149.25470,79.32854,259.78480,,,
SDG_SH_DTH_RNCOM,"Number of deaths attributed to non-communicable diseases, by type of disease and sex",https://www.who.int/data/gho/indicator-metadata-registry/imr-details/36,PUBLISHED,Published,,2001,2001,,EMR,Eastern Mediterranean,,DJI,2001,2001,Djibouti,,BTSX,Both sexes,,GHE061,Malignant neoplasms,,252 [133-431],251.69260,133.14480,430.86130,,,
SDG_SH_DTH_RNCOM,"Number of deaths attributed to non-communicable diseases, by type of disease and sex",https://www.who.int/data/gho/indicator-metadata-registry/imr-details/36,PUBLISHED,Published,,2005,2005,,EMR,Eastern Mediterranean,,DJI,2005,2005,Djibouti,,FMLE,Female,,GHE061,Malignant neoplasms,,181 [94-310],181.14860,93.65912,309.75910,,,
SDG_SH_DTH_RNCOM,"Number of deaths attributed to non-communicable diseases, by type of disease and sex",https://www.who.int/data/gho/indicator-metadata-registry/imr-details/36,PUBLISHED,Published,,2005,2005,,EMR,Eastern Mediterranean,,DJI,2005,2005,Djibouti,,MLE,Male,,GHE061,Malignant neoplasms,,116 [62-199],115.82860,62.09636,199.22600,,,
SDG_SH_DTH_RNCOM,"Number of deaths attributed to non-communicable diseases, by type of disease and sex",https://www.who.int/data/gho/indicator-metadata-registry/imr-details/36,PUBLISHED,Published,,2004,2004,,EMR,Eastern Mediterranean,,DJI,2004,2004,Djibouti,,FMLE,Female,,GHE061,Malignant neoplasms,,175 [92-299],175.39570,91.52000,299.26190,,,
SDG_SH_DTH_RNCOM,"Number of deaths attributed to non-communicable diseases, by type of disease and sex",https://www.who.int/data/gho/indicator-metadata-registry/imr-details/36,PUBLISHED,Published,,2013,2013,,EMR,Eastern Mediterranean,,DJI,2013,2013,Djibouti,,FMLE,Female,,GHE061,Malignant neoplasms,,239 [123-419],239.12130,123.44440,418.63190,,,
SDG_SH_DTH_RNCOM,"Number of deaths attributed to non-communicable diseases, by type of disease and sex",https://www.who.int/data/gho/indicator-metadata-registry/imr-details/36,PUBLISHED,Published,,2000,2000,,EMR,Eastern Mediterranean,,DJI,2000,2000,Djibouti,,MLE,Male,,GHE061,Malignant neoplasms,,95 [51-163],95.24847,50.77156,163.24350,,,
SDG_SH_DTH_RNCOM,"Number of deaths attributed to non-communicable diseases, by type of disease and sex",https://www.who.int/data/gho/indicator-metadata-registry/imr-details/36,PUBLISHED,Published,,2002,2002,,EMR,Eastern Mediterranean,,DJI,2002,2002,Djibouti,,MLE,Male,,GHE061,Malignant neoplasms,,101 [54-174],101.07860,54.00489,173.86460,,,
SDG_SH_DTH_RNCOM,"Number of deaths attributed to non-communicable diseases, by type of disease and sex",https://www.who.int/data/gho/indicator-metadata-registry/imr-details/36,PUBLISHED,Published,,2009,2009,,EMR,Eastern Mediterranean,,DJI,2009,2009,Djibouti,,BTSX,Both sexes,,GHE061,Malignant neoplasms,,343 [178-594],342.81350,178.47070,594.42710,,,
SDG_SH_DTH_RNCOM,"Number of deaths attributed to non-communicable diseases, by type of disease and sex",https://www.who.int/data/gho/indicator-metadata-registry/imr-details/36,PUBLISHED,Published,,2018,2018,,EMR,Eastern Mediterranean,,DJI,2018,2018,Djibouti,,FMLE,Female,,GHE061,Malignant neoplasms,,290 [153-507],290.40020,152.66270,506.82140,,,
SDG_SH_DTH_RNCOM,"Number of deaths attributed to non-communicable diseases, by type of disease and sex",https://www.who.int/data/gho/indicator-metadata-registry/imr-details/36,PUBLISHED,Published,,2009,2009,,EMR,Eastern Mediterranean,,DJI,2009,2009,Djibouti,,FMLE,Female,,GHE061,Malignant neoplasms,,202 [104-350],202.21590,103.61430,350.12890,,,
SDG_SH_DTH_RNCOM,"Number of deaths attributed to non-communicable diseases, by type of disease and sex",https://www.who.int/data/gho/indicator-metadata-registry/imr-details/36,PUBLISHED,Published,,2018,2018,,EMR,Eastern Mediterranean,,DJI,2018,2018,Djibouti,,MLE,Male,,GHE061,Malignant neoplasms,,197 [105-351],197.44670,104.84120,351.29620,,,
SDG_SH_DTH_RNCOM,"Number of deaths attributed to non-communicable diseases, by type of disease and sex",https://www.who.int/data/gho/indicator-metadata-registry/imr-details/36,PUBLISHED,Published,,2000,2000,,EMR,Eastern Mediterranean,,DJI,2000,2000,Djibouti,,BTSX,Both sexes,,GHE061,Malignant neoplasms,,245 [130-417],244.88240,130.08330,417.32490,,,
SDG_SH_DTH_RNCOM,"Number of deaths attributed to non-communicable diseases, by type of disease and sex",https://www.who.int/data/gho/indicator-metadata-registry/imr-details/36,PUBLISHED,Published,,2019,2019,,EMR,Eastern Mediterranean,,DJI,2019,2019,Djibouti,,FMLE,Female,,GHE061,Malignant neoplasms,,302 [158-528],301.90170,158.39830,527.51200,,,
SDG_SH_DTH_RNCOM,"Number of deaths attributed to non-communicable diseases, by type of disease and sex",https://www.who.int/data/gho/indicator-metadata-registry/imr-details/36,PUBLISHED,Published,,2016,2016,,EMR,Eastern Mediterranean,,DJI,2016,2016,Djibouti,,FMLE,Female,,GHE061,Malignant neoplasms,,260 [135-455],260.02890,135.47060,454.58800,,,
SDG_SH_DTH_RNCOM,"Number of deaths attributed to non-communicable diseases, by type of disease and sex",https://www.who.int/data/gho/indicator-metadata-registry/imr-details/36,PUBLISHED,Published,,2017,2017,,EMR,Eastern Mediterranean,,DJI,2017,2017,Djibouti,,MLE,Male,,GHE061,Malignant neoplasms,,187 [100-332],187.30240,100.07640,331.71740,,,
SDG_SH_DTH_RNCOM,"Number of deaths attributed to non-communicable diseases, by type of disease and sex",https://www.who.int/data/gho/indicator-metadata-registry/imr-details/36,PUBLISHED,Published,,2008,2008,,EMR,Eastern Mediterranean,,DJI,2008,2008,Djibouti,,FMLE,Female,,GHE061,Malignant neoplasms,,198 [102-343],198.30410,101.57890,343.34780,,,
SDG_SH_DTH_RNCOM,"Number of deaths attributed to non-communicable diseases, by type of disease and sex",https://www.who.int/data/gho/indicator-metadata-registry/imr-details/36,PUBLISHED,Published,,2010,2010,,EMR,Eastern Mediterranean,,DJI,2010,2010,Djibouti,,BTSX,Both sexes,,GHE061,Malignant neoplasms,,364 [189-632],363.54720,189.32310,631.96290,,,
SDG_SH_DTH_RNCOM,"Number of deaths attributed to non-communicable diseases, by type of disease and sex",https://www.who.int/data/gho/indicator-metadata-registry/imr-details/36,PUBLISHED,Published,,2006,2006,,EMR,Eastern Mediterranean,,DJI,2006,2006,Djibouti,,MLE,Male,,GHE061,Malignant neoplasms,,120 [64-207],120.07500,64.26196,207.48330,,,
SDG_SH_DTH_RNCOM,"Number of deaths attributed to non-communicable diseases, by type of disease and sex",https://www.who.int/data/gho/indicator-metadata-registry/imr-details/36,PUBLISHED,Published,,2013,2013,,EMR,Eastern Mediterranean,,DJI,2013,2013,Djibouti,,MLE,Male,,GHE061,Malignant neoplasms,,165 [88-291],165.07120,87.70157,291.47450,,,
SDG_SH_DTH_RNCOM,"Number of deaths attributed to non-communicable diseases, by type of disease and sex",https://www.who.int/data/gho/indicator-metadata-registry/imr-details/36,PUBLISHED,Published,,2017,2017,,EMR,Eastern Mediterranean,,DJI,2017,2017,Djibouti,,BTSX,Both sexes,,GHE061,Malignant neoplasms,,462 [244-810],461.58070,243.86150,809.86980,,,
SDG_SH_DTH_RNCOM,"Number of deaths attributed to non-communicable diseases, by type of disease and sex",https://www.who.int/data/gho/indicator-metadata-registry/imr-details/36,PUBLISHED,Published,,2019,2019,,EMR,Eastern Mediterranean,,DJI,2019,2019,Djibouti,,MLE,Male,,GHE061,Malignant neoplasms,,206 [109-367],206.15740,109.06650,366.58880,,,
SDG_SH_DTH_RNCOM,"Number of deaths attributed to non-communicable diseases, by type of disease and sex",https://www.who.int/data/gho/indicator-metadata-registry/imr-details/36,PUBLISHED,Published,,2000,2000,,EMR,Eastern Mediterranean,,DJI,2000,2000,Djibouti,,FMLE,Female,,GHE061,Malignant neoplasms,,150 [79-254],149.63400,79.31174,254.08130,,,
SDG_SH_DTH_RNCOM,"Number of deaths attributed to non-communicable diseases, by type of disease and sex",https://www.who.int/data/gho/indicator-metadata-registry/imr-details/36,PUBLISHED,Published,,2008,2008,,EMR,Eastern Mediterranean,,DJI,2008,2008,Djibouti,,MLE,Male,,GHE061,Malignant neoplasms,,135 [72-235],135.18620,72.00751,234.63860,,,
SDG_SH_DTH_RNCOM,"Number of deaths attributed to non-communicable diseases, by type of disease and sex",https://www.who.int/data/gho/indicator-metadata-registry/imr-details/36,PUBLISHED,Published,,2007,2007,,EMR,Eastern Mediterranean,,DJI,2007,2007,Djibouti,,FMLE,Female,,GHE061,Malignant neoplasms,,192 [99-332],192.19100,98.66951,331.78260,,,
SDG_SH_DTH_RNCOM,"Number of deaths attributed to non-communicable diseases, by type of disease and sex",https://www.who.int/data/gho/indicator-metadata-registry/imr-details/36,PUBLISHED,Published,,2014,2014,,EMR,Eastern Mediterranean,,DJI,2014,2014,Djibouti,,BTSX,Both sexes,,GHE061,Malignant neoplasms,,407 [213-717],407.48420,213.10970,717.41960,,,
SDG_SH_DTH_RNCOM,"Number of deaths attributed to non-communicable diseases, by type of disease and sex",https://www.who.int/data/gho/indicator-metadata-registry/imr-details/36,PUBLISHED,Published,,2001,2001,,EMR,Eastern Mediterranean,,DJI,2001,2001,Djibouti,,MLE,Male,,GHE061,Malignant neoplasms,,98 [52-168],97.74983,52.18194,168.04870,,,
SDG_SH_DTH_RNCOM,"Number of deaths attributed to non-communicable diseases, by type of disease and sex",https://www.who.int/data/gho/indicator-metadata-registry/imr-details/36,PUBLISHED,Published,,2002,2002,,EMR,Eastern Mediterranean,,DJI,2002,2002,Djibouti,,MLE,Male,,GHE117,Chronic respiratory diseases,,80 [39-149],80.31963,39.30140,148.70670,,,
SDG_SH_DTH_RNCOM,"Number of deaths attributed to non-communicable diseases, by type of disease and sex",https://www.who.int/data/gho/indicator-metadata-registry/imr-details/36,PUBLISHED,Published,,2019,2019,,EMR,Eastern Mediterranean,,DJI,2019,2019,Djibouti,,MLE,Male,,GHE117,Chronic respiratory diseases,,118 [58-216],117.61780,57.88986,215.96820,,,
SDG_SH_DTH_RNCOM,"Number of deaths attributed to non-communicable diseases, by type of disease and sex",https://www.who.int/data/gho/indicator-metadata-registry/imr-details/36,PUBLISHED,Published,,2008,2008,,EMR,Eastern Mediterranean,,DJI,2008,2008,Djibouti,,MLE,Male,,GHE117,Chronic respiratory diseases,,88 [43-162],87.98392,42.66800,161.76580,,,
SDG_SH_DTH_RNCOM,"Number of deaths attributed to non-communicable diseases, by type of disease and sex",https://www.who.int/data/gho/indicator-metadata-registry/imr-details/36,PUBLISHED,Published,,2010,2010,,EMR,Eastern Mediterranean,,DJI,2010,2010,Djibouti,,FMLE,Female,,GHE117,Chronic respiratory diseases,,64 [19-125],64.03548,18.87777,124.74410,,,
SDG_SH_DTH_RNCOM,"Number of deaths attributed to non-communicable diseases, by type of disease and sex",https://www.who.int/data/gho/indicator-metadata-registry/imr-details/36,PUBLISHED,Published,,2004,2004,,EMR,Eastern Mediterranean,,DJI,2004,2004,Djibouti,,FMLE,Female,,GHE117,Chronic respiratory diseases,,59 [18-114],58.70702,17.62912,113.90960,,,
SDG_SH_DTH_RNCOM,"Number of deaths attributed to non-communicable diseases, by type of disease and sex",https://www.who.int/data/gho/indicator-metadata-registry/imr-details/36,PUBLISHED,Published,,2015,2015,,EMR,Eastern Mediterranean,,DJI,2015,2015,Djibouti,,MLE,Male,,GHE117,Chronic respiratory diseases,,106 [52-196],105.78640,51.54892,195.90470,,,
SDG_SH_DTH_RNCOM,"Number of deaths attributed to non-communicable diseases, by type of disease and sex",https://www.who.int/data/gho/indicator-metadata-registry/imr-details/36,PUBLISHED,Published,,2013,2013,,EMR,Eastern Mediterranean,,DJI,2013,2013,Djibouti,,BTSX,Both sexes,,GHE117,Chronic respiratory diseases,,174 [71-330],173.91810,70.75466,330.17130,,,
SDG_SH_DTH_RNCOM,"Number of deaths attributed to non-communicable diseases, by type of disease and sex",https://www.who.int/data/gho/indicator-metadata-registry/imr-details/36,PUBLISHED,Published,,2004,2004,,EMR,Eastern Mediterranean,,DJI,2004,2004,Djibouti,,BTSX,Both sexes,,GHE117,Chronic respiratory diseases,,141 [57-264],140.55690,57.33776,263.97880,,,
SDG_SH_DTH_RNCOM,"Number of deaths attributed to non-communicable diseases, by type of disease and sex",https://www.who.int/data/gho/indicator-metadata-registry/imr-details/36,PUBLISHED,Published,,2005,2005,,EMR,Eastern Mediterranean,,DJI,2005,2005,Djibouti,,MLE,Male,,GHE117,Chronic respiratory diseases,,82 [40-150],81.90394,39.77828,149.52910,,,
SDG_SH_DTH_RNCOM,"Number of deaths attributed to non-communicable diseases, by type of disease and sex",https://www.who.int/data/gho/indicator-metadata-registry/imr-details/36,PUBLISHED,Published,,2007,2007,,EMR,Eastern Mediterranean,,DJI,2007,2007,Djibouti,,BTSX,Both sexes,,GHE117,Chronic respiratory diseases,,145 [59-275],145.12820,59.02016,274.50390,,,
SDG_SH_DTH_RNCOM,"Number of deaths attributed to non-communicable diseases, by type of disease and sex",https://www.who.int/data/gho/indicator-metadata-registry/imr-details/36,PUBLISHED,Published,,2016,2016,,EMR,Eastern Mediterranean,,DJI,2016,2016,Djibouti,,MLE,Male,,GHE117,Chronic respiratory diseases,,110 [53-203],109.65900,53.12810,203.16440,,,
SDG_SH_DTH_RNCOM,"Number of deaths attributed to non-communicable diseases, by type of disease and sex",https://www.who.int/data/gho/indicator-metadata-registry/imr-details/36,PUBLISHED,Published,,2018,2018,,EMR,Eastern Mediterranean,,DJI,2018,2018,Djibouti,,BTSX,Both sexes,,GHE117,Chronic respiratory diseases,,196 [80-370],196.43190,79.58314,369.58290,,,
SDG_SH_DTH_RNCOM,"Number of deaths attributed to non-communicable diseases, by type of disease and sex",https://www.who.int/data/gho/indicator-metadata-registry/imr-details/36,PUBLISHED,Published,,2012,2012,,EMR,Eastern Mediterranean,,DJI,2012,2012,Djibouti,,BTSX,Both sexes,,GHE117,Chronic respiratory diseases,,168 [68-317],167.64450,68.26890,317.34810,,,
SDG_SH_DTH_RNCOM,"Number of deaths attributed to non-communicable diseases, by type of disease and sex",https://www.who.int/data/gho/indicator-metadata-registry/imr-details/36,PUBLISHED,Published,,2000,2000,,EMR,Eastern Mediterranean,,DJI,2000,2000,Djibouti,,BTSX,Both sexes,,GHE117,Chronic respiratory diseases,,135 [57-253],134.69440,56.80853,252.55860,,,
SDG_SH_DTH_RNCOM,"Number of deaths attributed to non-communicable diseases, by type of disease and sex",https://www.who.int/data/gho/indicator-metadata-registry/imr-details/36,PUBLISHED,Published,,2011,2011,,EMR,Eastern Mediterranean,,DJI,2011,2011,Djibouti,,FMLE,Female,,GHE117,Chronic respiratory diseases,,65 [19-127],65.25479,19.12376,127.10220,,,
SDG_SH_DTH_RNCOM,"Number of deaths attributed to non-communicable diseases, by type of disease and sex",https://www.who.int/data/gho/indicator-metadata-registry/imr-details/36,PUBLISHED,Published,,2018,2018,,EMR,Eastern Mediterranean,,DJI,2018,2018,Djibouti,,MLE,Male,,GHE117,Chronic respiratory diseases,,116 [56-213],115.57180,56.34928,212.64530,,,
SDG_SH_DTH_RNCOM,"Number of deaths attributed to non-communicable diseases, by type of disease and sex",https://www.who.int/data/gho/indicator-metadata-registry/imr-details/36,PUBLISHED,Published,,2002,2002,,EMR,Eastern Mediterranean,,DJI,2002,2002,Djibouti,,BTSX,Both sexes,,GHE117,Chronic respiratory diseases,,137 [57-260],137.49100,57.11270,260.25320,,,
SDG_SH_DTH_RNCOM,"Number of deaths attributed to non-communicable diseases, by type of disease and sex",https://www.who.int/data/gho/indicator-metadata-registry/imr-details/36,PUBLISHED,Published,,2015,2015,,EMR,Eastern Mediterranean,,DJI,2015,2015,Djibouti,,FMLE,Female,,GHE117,Chronic respiratory diseases,,73 [21-143],73.31015,21.44680,142.51920,,,
SDG_SH_DTH_RNCOM,"Number of deaths attributed to non-communicable diseases, by type of disease and sex",https://www.who.int/data/gho/indicator-metadata-registry/imr-details/36,PUBLISHED,Published,,2001,2001,,EMR,Eastern Mediterranean,,DJI,2001,2001,Djibouti,,BTSX,Both sexes,,GHE117,Chronic respiratory diseases,,135 [56-254],134.85960,56.17526,254.18490,,,
SDG_SH_DTH_RNCOM,"Number of deaths attributed to non-communicable diseases, by type of disease and sex",https://www.who.int/data/gho/indicator-metadata-registry/imr-details/36,PUBLISHED,Published,,2005,2005,,EMR,Eastern Mediterranean,,DJI,2005,2005,Djibouti,,BTSX,Both sexes,,GHE117,Chronic respiratory diseases,,140 [57-262],139.58350,57.03048,261.66730,,,
SDG_SH_DTH_RNCOM,"Number of deaths attributed to non-communicable diseases, by type of disease and sex",https://www.who.int/data/gho/indicator-metadata-registry/imr-details/36,PUBLISHED,Published,,2019,2019,,EMR,Eastern Mediterranean,,DJI,2019,2019,Djibouti,,BTSX,Both sexes,,GHE117,Chronic respiratory diseases,,200 [82-375],199.75310,81.62711,374.96580,,,
SDG_SH_DTH_RNCOM,"Number of deaths attributed to non-communicable diseases, by type of disease and sex",https://www.who.int/data/gho/indicator-metadata-registry/imr-details/36,PUBLISHED,Published,,2000,2000,,EMR,Eastern Mediterranean,,DJI,2000,2000,Djibouti,,FMLE,Female,,GHE117,Chronic respiratory diseases,,56 [18-107],55.55256,18.01014,107.40250,,,
SDG_SH_DTH_RNCOM,"Number of deaths attributed to non-communicable diseases, by type of disease and sex",https://www.who.int/data/gho/indicator-metadata-registry/imr-details/36,PUBLISHED,Published,,2010,2010,,EMR,Eastern Mediterranean,,DJI,2010,2010,Djibouti,,BTSX,Both sexes,,GHE117,Chronic respiratory diseases,,159 [64-299],158.62300,64.44778,299.18670,,,
SDG_SH_DTH_RNCOM,"Number of deaths attributed to non-communicable diseases, by type of disease and sex",https://www.who.int/data/gho/indicator-metadata-registry/imr-details/36,PUBLISHED,Published,,2003,2003,,EMR,Eastern Mediterranean,,DJI,2003,2003,Djibouti,,BTSX,Both sexes,,GHE117,Chronic respiratory diseases,,140 [57-264],139.65360,57.37482,263.76330,,,
SDG_SH_DTH_RNCOM,"Number of deaths attributed to non-communicable diseases, by type of disease and sex",https://www.who.int/data/gho/indicator-metadata-registry/imr-details/36,PUBLISHED,Published,,2005,2005,,EMR,Eastern Mediterranean,,DJI,2005,2005,Djibouti,,FMLE,Female,,GHE117,Chronic respiratory diseases,,58 [17-112],57.67954,17.25220,112.13830,,,
SDG_SH_DTH_RNCOM,"Number of deaths attributed to non-communicable diseases, by type of disease and sex",https://www.who.int/data/gho/indicator-metadata-registry/imr-details/36,PUBLISHED,Published,,2002,2002,,EMR,Eastern Mediterranean,,DJI,2002,2002,Djibouti,,FMLE,Female,,GHE117,Chronic respiratory diseases,,57 [18-112],57.17134,17.81130,111.54640,,,
SDG_SH_DTH_RNCOM,"Number of deaths attributed to non-communicable diseases, by type of disease and sex",https://www.who.int/data/gho/indicator-metadata-registry/imr-details/36,PUBLISHED,Published,,2010,2010,,EMR,Eastern Mediterranean,,DJI,2010,2010,Djibouti,,MLE,Male,,GHE117,Chronic respiratory diseases,,95 [46-174],94.58754,45.57001,174.44260,,,
SDG_SH_DTH_RNCOM,"Number of deaths attributed to non-communicable diseases, by type of disease and sex",https://www.who.int/data/gho/indicator-metadata-registry/imr-details/36,PUBLISHED,Published,,2009,2009,,EMR,Eastern Mediterranean,,DJI,2009,2009,Djibouti,,MLE,Male,,GHE117,Chronic respiratory diseases,,91 [44-167],90.90904,43.83467,167.00860,,,
SDG_SH_DTH_RNCOM,"Number of deaths attributed to non-communicable diseases, by type of disease and sex",https://www.who.int/data/gho/indicator-metadata-registry/imr-details/36,PUBLISHED,Published,,2013,2013,,EMR,Eastern Mediterranean,,DJI,2013,2013,Djibouti,,FMLE,Female,,GHE117,Chronic respiratory diseases,,70 [21-137],70.23522,20.53311,136.79260,,,
SDG_SH_DTH_RNCOM,"Number of deaths attributed to non-communicable diseases, by type of disease and sex",https://www.who.int/data/gho/indicator-metadata-registry/imr-details/36,PUBLISHED,Published,,2007,2007,,EMR,Eastern Mediterranean,,DJI,2007,2007,Djibouti,,MLE,Male,,GHE117,Chronic respiratory diseases,,86 [41-157],85.62692,41.46647,157.30950,,,
SDG_SH_DTH_RNCOM,"Number of deaths attributed to non-communicable diseases, by type of disease and sex",https://www.who.int/data/gho/indicator-metadata-registry/imr-details/36,PUBLISHED,Published,,2006,2006,,EMR,Eastern Mediterranean,,DJI,2006,2006,Djibouti,,MLE,Male,,GHE117,Chronic respiratory diseases,,84 [41-154],83.87841,40.69442,153.55660,,,
SDG_SH_DTH_RNCOM,"Number of deaths attributed to non-communicable diseases, by type of disease and sex",https://www.who.int/data/gho/indicator-metadata-registry/imr-details/36,PUBLISHED,Published,,2011,2011,,EMR,Eastern Mediterranean,,DJI,2011,2011,Djibouti,,BTSX,Both sexes,,GHE117,Chronic respiratory diseases,,163 [67-309],163.34160,66.67910,308.90520,,,
SDG_SH_DTH_RNCOM,"Number of deaths attributed to non-communicable diseases, by type of disease and sex",https://www.who.int/data/gho/indicator-metadata-registry/imr-details/36,PUBLISHED,Published,,2003,2003,,EMR,Eastern Mediterranean,,DJI,2003,2003,Djibouti,,FMLE,Female,,GHE117,Chronic respiratory diseases,,59 [18-114],58.50102,17.99539,114.35340,,,
SDG_SH_DTH_RNCOM,"Number of deaths attributed to non-communicable diseases, by type of disease and sex",https://www.who.int/data/gho/indicator-metadata-registry/imr-details/36,PUBLISHED,Published,,2009,2009,,EMR,Eastern Mediterranean,,DJI,2009,2009,Djibouti,,BTSX,Both sexes,,GHE117,Chronic respiratory diseases,,153 [62-287],152.66070,62.10075,287.44680,,,
SDG_SH_DTH_RNCOM,"Number of deaths attributed to non-communicable diseases, by type of disease and sex",https://www.who.int/data/gho/indicator-metadata-registry/imr-details/36,PUBLISHED,Published,,2016,2016,,EMR,Eastern Mediterranean,,DJI,2016,2016,Djibouti,,FMLE,Female,,GHE117,Chronic respiratory diseases,,76 [22-147],75.78755,22.29160,147.30650,,,
SDG_SH_DTH_RNCOM,"Number of deaths attributed to non-communicable diseases, by type of disease and sex",https://www.who.int/data/gho/indicator-metadata-registry/imr-details/36,PUBLISHED,Published,,2009,2009,,EMR,Eastern Mediterranean,,DJI,2009,2009,Djibouti,,FMLE,Female,,GHE117,Chronic respiratory diseases,,62 [18-120],61.75165,18.26608,120.43820,,,
SDG_SH_DTH_RNCOM,"Number of deaths attributed to non-communicable diseases, by type of disease and sex",https://www.who.int/data/gho/indicator-metadata-registry/imr-details/36,PUBLISHED,Published,,2013,2013,,EMR,Eastern Mediterranean,,DJI,2013,2013,Djibouti,,MLE,Male,,GHE117,Chronic respiratory diseases,,104 [50-193],103.68290,50.22155,193.37870,,,
SDG_SH_DTH_RNCOM,"Number of deaths attributed to non-communicable diseases, by type of disease and sex",https://www.who.int/data/gho/indicator-metadata-registry/imr-details/36,PUBLISHED,Published,,2008,2008,,EMR,Eastern Mediterranean,,DJI,2008,2008,Djibouti,,FMLE,Female,,GHE117,Chronic respiratory diseases,,60 [18-117],59.87024,17.75822,117.33230,,,
SDG_SH_DTH_RNCOM,"Number of deaths attributed to non-communicable diseases, by type of disease and sex",https://www.who.int/data/gho/indicator-metadata-registry/imr-details/36,PUBLISHED,Published,,2003,2003,,EMR,Eastern Mediterranean,,DJI,2003,2003,Djibouti,,MLE,Male,,GHE117,Chronic respiratory diseases,,81 [39-149],81.15259,39.37943,149.40990,,,
SDG_SH_DTH_RNCOM,"Number of deaths attributed to non-communicable diseases, by type of disease and sex",https://www.who.int/data/gho/indicator-metadata-registry/imr-details/36,PUBLISHED,Published,,2001,2001,,EMR,Eastern Mediterranean,,DJI,2001,2001,Djibouti,,MLE,Male,,GHE117,Chronic respiratory diseases,,79 [39-145],78.83212,38.52797,145.05270,,,
SDG_SH_DTH_RNCOM,"Number of deaths attributed to non-communicable diseases, by type of disease and sex",https://www.who.int/data/gho/indicator-metadata-registry/imr-details/36,PUBLISHED,Published,,2012,2012,,EMR,Eastern Mediterranean,,DJI,2012,2012,Djibouti,,MLE,Male,,GHE117,Chronic respiratory diseases,,101 [49-188],100.82240,48.70684,187.81130,,,
SDG_SH_DTH_RNCOM,"Number of deaths attributed to non-communicable diseases, by type of disease and sex",https://www.who.int/data/gho/indicator-metadata-registry/imr-details/36,PUBLISHED,Published,,2017,2017,,EMR,Eastern Mediterranean,,DJI,2017,2017,Djibouti,,FMLE,Female,,GHE117,Chronic respiratory diseases,,79 [23-153],78.72591,22.96281,152.82250,,,
SDG_SH_DTH_RNCOM,"Number of deaths attributed to non-communicable diseases, by type of disease and sex",https://www.who.int/data/gho/indicator-metadata-registry/imr-details/36,PUBLISHED,Published,,2006,2006,,EMR,Eastern Mediterranean,,DJI,2006,2006,Djibouti,,FMLE,Female,,GHE117,Chronic respiratory diseases,,58 [17-114],58.48996,17.23971,114.15410,,,
SDG_SH_DTH_RNCOM,"Number of deaths attributed to non-communicable diseases, by type of disease and sex",https://www.who.int/data/gho/indicator-metadata-registry/imr-details/36,PUBLISHED,Published,,2004,2004,,EMR,Eastern Mediterranean,,DJI,2004,2004,Djibouti,,MLE,Male,,GHE117,Chronic respiratory diseases,,82 [40-150],81.84986,39.70864,150.06920,,,
SDG_SH_DTH_RNCOM,"Number of deaths attributed to non-communicable diseases, by type of disease and sex",https://www.who.int/data/gho/indicator-metadata-registry/imr-details/36,PUBLISHED,Published,,2012,2012,,EMR,Eastern Mediterranean,,DJI,2012,2012,Djibouti,,FMLE,Female,,GHE117,Chronic respiratory diseases,,67 [20-130],66.82217,19.56206,129.53680,,,
SDG_SH_DTH_RNCOM,"Number of deaths attributed to non-communicable diseases, by type of disease and sex",https://www.who.int/data/gho/indicator-metadata-registry/imr-details/36,PUBLISHED,Published,,2017,2017,,EMR,Eastern Mediterranean,,DJI,2017,2017,Djibouti,,BTSX,Both sexes,,GHE117,Chronic respiratory diseases,,192 [78-362],192.41580,78.33491,361.78330,,,
SDG_SH_DTH_RNCOM,"Number of deaths attributed to non-communicable diseases, by type of disease and sex",https://www.who.int/data/gho/indicator-metadata-registry/imr-details/36,PUBLISHED,Published,,2011,2011,,EMR,Eastern Mediterranean,,DJI,2011,2011,Djibouti,,MLE,Male,,GHE117,Chronic respiratory diseases,,98 [48-182],98.08685,47.55534,181.80300,,,
SDG_SH_DTH_RNCOM,"Number of deaths attributed to non-communicable diseases, by type of disease and sex",https://www.who.int/data/gho/indicator-metadata-registry/imr-details/36,PUBLISHED,Published,,2019,2019,,EMR,Eastern Mediterranean,,DJI,2019,2019,Djibouti,,FMLE,Female,,GHE117,Chronic respiratory diseases,,82 [24-159],82.13538,23.73725,158.99760,,,
SDG_SH_DTH_RNCOM,"Number of deaths attributed to non-communicable diseases, by type of disease and sex",https://www.who.int/data/gho/indicator-metadata-registry/imr-details/36,PUBLISHED,Published,,2018,2018,,EMR,Eastern Mediterranean,,DJI,2018,2018,Djibouti,,FMLE,Female,,GHE117,Chronic respiratory diseases,,81 [23-157],80.86006,23.23386,156.93760,,,
SDG_SH_DTH_RNCOM,"Number of deaths attributed to non-communicable diseases, by type of disease and sex",https://www.who.int/data/gho/indicator-metadata-registry/imr-details/36,PUBLISHED,Published,,2017,2017,,EMR,Eastern Mediterranean,,DJI,2017,2017,Djibouti,,MLE,Male,,GHE117,Chronic respiratory diseases,,114 [55-209],113.68990,55.37209,208.96080,,,
SDG_SH_DTH_RNCOM,"Number of deaths attributed to non-communicable diseases, by type of disease and sex",https://www.who.int/data/gho/indicator-metadata-registry/imr-details/36,PUBLISHED,Published,,2014,2014,,EMR,Eastern Mediterranean,,DJI,2014,2014,Djibouti,,MLE,Male,,GHE117,Chronic respiratory diseases,,106 [51-197],105.83860,51.44508,197.19860,,,
SDG_SH_DTH_RNCOM,"Number of deaths attributed to non-communicable diseases, by type of disease and sex",https://www.who.int/data/gho/indicator-metadata-registry/imr-details/36,PUBLISHED,Published,,2008,2008,,EMR,Eastern Mediterranean,,DJI,2008,2008,Djibouti,,BTSX,Both sexes,,GHE117,Chronic respiratory diseases,,148 [60-279],147.85420,60.42621,279.09810,,,
SDG_SH_DTH_RNCOM,"Number of deaths attributed to non-communicable diseases, by type of disease and sex",https://www.who.int/data/gho/indicator-metadata-registry/imr-details/36,PUBLISHED,Published,,2014,2014,,EMR,Eastern Mediterranean,,DJI,2014,2014,Djibouti,,BTSX,Both sexes,,GHE117,Chronic respiratory diseases,,178 [73-338],178.00820,72.62082,337.66760,,,
SDG_SH_DTH_RNCOM,"Number of deaths attributed to non-communicable diseases, by type of disease and sex",https://www.who.int/data/gho/indicator-metadata-registry/imr-details/36,PUBLISHED,Published,,2016,2016,,EMR,Eastern Mediterranean,,DJI,2016,2016,Djibouti,,BTSX,Both sexes,,GHE117,Chronic respiratory diseases,,185 [75-350],185.44650,75.41970,350.47090,,,
SDG_SH_DTH_RNCOM,"Number of deaths attributed to non-communicable diseases, by type of disease and sex",https://www.who.int/data/gho/indicator-metadata-registry/imr-details/36,PUBLISHED,Published,,2015,2015,,EMR,Eastern Mediterranean,,DJI,2015,2015,Djibouti,,BTSX,Both sexes,,GHE117,Chronic respiratory diseases,,179 [73-338],179.09650,72.99572,338.42400,,,
SDG_SH_DTH_RNCOM,"Number of deaths attributed to non-communicable diseases, by type of disease and sex",https://www.who.int/data/gho/indicator-metadata-registry/imr-details/36,PUBLISHED,Published,,2007,2007,,EMR,Eastern Mediterranean,,DJI,2007,2007,Djibouti,,FMLE,Female,,GHE117,Chronic respiratory diseases,,60 [18-117],59.50132,17.55369,117.19440,,,
SDG_SH_DTH_RNCOM,"Number of deaths attributed to non-communicable diseases, by type of disease and sex",https://www.who.int/data/gho/indicator-metadata-registry/imr-details/36,PUBLISHED,Published,,2006,2006,,EMR,Eastern Mediterranean,,DJI,2006,2006,Djibouti,,BTSX,Both sexes,,GHE117,Chronic respiratory diseases,,142 [58-268],142.36840,57.93413,267.71070,,,
SDG_SH_DTH_RNCOM,"Number of deaths attributed to non-communicable diseases, by type of disease and sex",https://www.who.int/data/gho/indicator-metadata-registry/imr-details/36,PUBLISHED,Published,,2014,2014,,EMR,Eastern Mediterranean,,DJI,2014,2014,Djibouti,,FMLE,Female,,GHE117,Chronic respiratory diseases,,72 [21-140],72.16967,21.17574,140.46900,,,
SDG_SH_DTH_RNCOM,"Number of deaths attributed to non-communicable diseases, by type of disease and sex",https://www.who.int/data/gho/indicator-metadata-registry/imr-details/36,PUBLISHED,Published,,2000,2000,,EMR,Eastern Mediterranean,,DJI,2000,2000,Djibouti,,MLE,Male,,GHE117,Chronic respiratory diseases,,79 [39-145],79.14182,38.79839,145.15610,,,
SDG_SH_DTH_RNCOM,"Number of deaths attributed to non-communicable diseases, by type of disease and sex",https://www.who.int/data/gho/indicator-metadata-registry/imr-details/36,PUBLISHED,Published,,2001,2001,,EMR,Eastern Mediterranean,,DJI,2001,2001,Djibouti,,FMLE,Female,,GHE117,Chronic respiratory diseases,,56 [18-109],56.02750,17.64729,109.13220,,,
