GHO (CODE),GHO (DISPLAY),GHO (URL),PUBLISHSTATE (CODE),PUBLISHSTATE (DISPLAY),PUBLISHSTATE (URL),YEAR (CODE),YEAR (DISPLAY),YEAR (URL),REGION (CODE),REGION (DISPLAY),REGION (URL),COUNTRY (CODE),STARTYEAR,ENDYEAR,COUNTRY (DISPLAY),COUNTRY (URL),Display Value,Numeric,Low,High,StdErr,StdDev,Comments
#indicator+code,#indicator+name,#indicator+url,#status+code,#status+name,,,#date+year,,#region+code,#region+name,,#country+code,#date+year+start,#date+year+end,#country+name,,,#indicator+value+num,,,,,
NCD_CCS_BowelCancer,General availability of colon cancer screening at the primary health care level,https://www.who.int/data/gho/indicator-metadata-registry/imr-details/2411,PUBLISHED,Published,,2013,2013,,EMR,Eastern Mediterranean,,DJI,2013,2013,Djibouti,,No,,,,,,
NCD_CCS_BreastCancer,General availability of breast cancer screening (by palpation or mammogram) at the primary health care level,https://www.who.int/data/gho/indicator-metadata-registry/imr-details/2412,PUBLISHED,Published,,2013,2013,,EMR,Eastern Mediterranean,,DJI,2013,2013,Djibouti,,Yes,,,,,,
NCD_CCS_CervCy,General availability of cervical cytology at the primary health care level,https://www.who.int/data/gho/indicator-metadata-registry/imr-details/2409,PUBLISHED,Published,,2013,2013,,EMR,Eastern Mediterranean,,DJI,2013,2013,Djibouti,,No,,,,,,
NCD_CCS_CholMsmt,General availability of total cholesterol measurement at the primary health care level,https://www.who.int/data/gho/indicator-metadata-registry/imr-details/2415,PUBLISHED,Published,,2013,2013,,EMR,Eastern Mediterranean,,DJI,2013,2013,Djibouti,,Yes,,,,,,
NCD_CCS_DiabetesTest,"General availability of diabetes testing (by blood glucose measurement, OGTT, or HbA1c) at the primary health care level",https://www.who.int/data/gho/indicator-metadata-registry/imr-details/2413,PUBLISHED,Published,,2013,2013,,EMR,Eastern Mediterranean,,DJI,2013,2013,Djibouti,,Yes,,,,,,
NCD_CCS_UrineAlbumin,General availability of urine testing for albumin,https://www.who.int/data/gho/indicator-metadata-registry/imr-details/4553,PUBLISHED,Published,,2013,2013,,EMR,Eastern Mediterranean,,DJI,2013,2013,Djibouti,,Yes,,,,,,
NCD_CCS_ACE,General availability of ACE inhibitors in the public health sector,https://www.who.int/data/gho/indicator-metadata-registry/imr-details/2422,PUBLISHED,Published,,2013,2013,,EMR,Eastern Mediterranean,,DJI,2013,2013,Djibouti,,Yes,,,,,,
NCD_CCS_Aspirin,General availability of aspirin (100 mg) in the public health sector,https://www.who.int/data/gho/indicator-metadata-registry/imr-details/2418,PUBLISHED,Published,,2013,2013,,EMR,Eastern Mediterranean,,DJI,2013,2013,Djibouti,,Yes,,,,,,
NCD_CCS_Bronchodilators,General availability of bronchodilators in the public health sector,https://www.who.int/data/gho/indicator-metadata-registry/imr-details/4554,PUBLISHED,Published,,2013,2013,,EMR,Eastern Mediterranean,,DJI,2013,2013,Djibouti,,Yes,,,,,,
NCD_CCS_CCBlkrs,General availability of CC blockers in the public health sector,https://www.who.int/data/gho/indicator-metadata-registry/imr-details/2423,PUBLISHED,Published,,2013,2013,,EMR,Eastern Mediterranean,,DJI,2013,2013,Djibouti,,Yes,,,,,,
NCD_CCS_Insulin,General availability of insulin in the public health sector,https://www.who.int/data/gho/indicator-metadata-registry/imr-details/2417,PUBLISHED,Published,,2013,2013,,EMR,Eastern Mediterranean,,DJI,2013,2013,Djibouti,,Yes,,,,,,
NCD_CCS_Metformin,General availability of metformin in the public health sector,https://www.who.int/data/gho/indicator-metadata-registry/imr-details/2419,PUBLISHED,Published,,2013,2013,,EMR,Eastern Mediterranean,,DJI,2013,2013,Djibouti,,Yes,,,,,,
NCD_CCS_Nicotine,General availability of nicotine replacement therapy in the public health sector,https://www.who.int/data/gho/indicator-metadata-registry/imr-details/2428,PUBLISHED,Published,,2013,2013,,EMR,Eastern Mediterranean,,DJI,2013,2013,Djibouti,,No,,,,,,
NCD_CCS_OralMorph,General availability of oral morphine in the public health sector,https://www.who.int/data/gho/indicator-metadata-registry/imr-details/2427,PUBLISHED,Published,,2013,2013,,EMR,Eastern Mediterranean,,DJI,2013,2013,Djibouti,,No,,,,,,
NCD_CCS_Statins,General availability of statins in the public health sector,https://www.who.int/data/gho/indicator-metadata-registry/imr-details/2426,PUBLISHED,Published,,2013,2013,,EMR,Eastern Mediterranean,,DJI,2013,2013,Djibouti,,No,,,,,,
NCD_CCS_Steroid,General availability of steroid inhalers in the public health sector,https://www.who.int/data/gho/indicator-metadata-registry/imr-details/2431,PUBLISHED,Published,,2013,2013,,EMR,Eastern Mediterranean,,DJI,2013,2013,Djibouti,,Yes,,,,,,
NCD_CCS_Thiazide,General availability of thiazide diuretics in the public health sector,https://www.who.int/data/gho/indicator-metadata-registry/imr-details/2421,PUBLISHED,Published,,2013,2013,,EMR,Eastern Mediterranean,,DJI,2013,2013,Djibouti,,Yes,,,,,,
NCD_CCS_NCDUnit_Operational,"Existence of an Operational Unit, Branch, or Dept. in Ministry of Health with responsibility for NCDs",https://www.who.int/data/gho/indicator-metadata-registry/imr-details/2396,PUBLISHED,Published,,2013,2013,,EMR,Eastern Mediterranean,,DJI,2013,2013,Djibouti,,No,,,,,,
NCD_CCS_CancerRegNational,Existence of population-based cancer registry,https://www.who.int/data/gho/indicator-metadata-registry/imr-details/4479,PUBLISHED,Published,,2013,2013,,,,,DJI,2013,2013,Djibouti,,No,,,,,,
NCD_CCS_SurvMonRep9NCD,Existence of an NCD surveillance and monitoring system in place to enable reporting against the nine global NCD targets,https://www.who.int/data/gho/indicator-metadata-registry/imr-details/4481,PUBLISHED,Published,,2013,2013,,,,,DJI,2013,2013,Djibouti,,No,,,,,,
NCD_CCS_CVDPlan,Existence of operational policy/strategy/action plan for cardiovascular diseases,https://www.who.int/data/gho/indicator-metadata-registry/imr-details/2397,PUBLISHED,Published,,2013,2013,,EMR,Eastern Mediterranean,,DJI,2013,2013,Djibouti,,No,,,,,,
NCD_CCS_CancerPlan,Existence of operational policy/strategy/action plan for cancer,https://www.who.int/data/gho/indicator-metadata-registry/imr-details/2398,PUBLISHED,Published,,2013,2013,,EMR,Eastern Mediterranean,,DJI,2013,2013,Djibouti,,No,,,,,,
NCD_CCS_DiabPlan,Existence of operational policy/strategy/action plan for diabetes,https://www.who.int/data/gho/indicator-metadata-registry/imr-details/2399,PUBLISHED,Published,,2013,2013,,EMR,Eastern Mediterranean,,DJI,2013,2013,Djibouti,,No,,,,,,
NCD_CCS_CRDPlan,Existence of operational policy/strategy/action plan for chronic respiratory diseases,https://www.who.int/data/gho/indicator-metadata-registry/imr-details/2400,PUBLISHED,Published,,2013,2013,,EMR,Eastern Mediterranean,,DJI,2013,2013,Djibouti,,Don't know,,,,,,"Country responded Don't know"""
NCD_CCS_DietPlan,Existence of operational policy/strategy/action plan to reduce unhealthy diet related to NCDs,https://www.who.int/data/gho/indicator-metadata-registry/imr-details/2402,PUBLISHED,Published,,2013,2013,,EMR,Eastern Mediterranean,,DJI,2013,2013,Djibouti,,No,,,,,,
NCD_CCS_PAPlan,Existence of operational policy/strategy/action plan to reduce physical inactivity,https://www.who.int/data/gho/indicator-metadata-registry/imr-details/2403,PUBLISHED,Published,,2013,2013,,EMR,Eastern Mediterranean,,DJI,2013,2013,Djibouti,,No,,,,,,
NCD_CCS_AlcPlan,Existence of operational policy/strategy/action plan to reduce the harmful use of alcohol,https://www.who.int/data/gho/indicator-metadata-registry/imr-details/2401,PUBLISHED,Published,,2013,2013,,EMR,Eastern Mediterranean,,DJI,2013,2013,Djibouti,,No,,,,,,
NCD_CCS_TobPlan,Existence of operational policy/strategy/action plan to decrease tobacco use,https://www.who.int/data/gho/indicator-metadata-registry/imr-details/2404,PUBLISHED,Published,,2013,2013,,EMR,Eastern Mediterranean,,DJI,2013,2013,Djibouti,,No,,,,,,
NCD_CCS_diabtest,"General availability of diabetes testing (by blood glucose measurement, OGTT) at the primary health care level",https://www.who.int/data/gho/indicator-metadata-registry/imr-details/2413,PUBLISHED,Published,,2013,2013,,EMR,Eastern Mediterranean,,DJI,2013,2013,Djibouti,,Yes,,,,,,
NCD_CCS_HbA1c,General availability of diabetes testing (by HbA1c) at the primary health care level,https://www.who.int/data/gho/indicator-metadata-registry/imr-details/4688,PUBLISHED,Published,,2013,2013,,EMR,Eastern Mediterranean,,DJI,2013,2013,Djibouti,,Yes,,,,,,
NCD_CCS_integNCDplan,"Existence of an operational, multisectoral national NCD policy, strategy or action plan that integrates several NCDs and their risk factors",https://www.who.int/data/gho/indicator-metadata-registry/imr-details/4680,PUBLISHED,Published,,2013,2013,,EMR,Eastern Mediterranean,,DJI,2013,2013,Djibouti,,No,,,,,,
NCD_CCS_NCDUnit_Operational,"Existence of an Operational Unit, Branch, or Dept. in Ministry of Health with responsibility for NCDs",https://www.who.int/data/gho/indicator-metadata-registry/imr-details/2396,PUBLISHED,Published,,2015,2015,,EMR,Eastern Mediterranean,,DJI,2015,2015,Djibouti,,No data received,,,,,,
NCD_CCS_MultisecComm,"Existence of a national multisectoral commission, agency or mechanism for NCDs",https://www.who.int/data/gho/indicator-metadata-registry/imr-details/4678,PUBLISHED,Published,,2015,2015,,EMR,Eastern Mediterranean,,DJI,2015,2015,Djibouti,,No data received,,,,,,
NCD_CCS_SaltPol,Existence of any policies to reduce population salt consumption,https://www.who.int/data/gho/indicator-metadata-registry/imr-details/4683,PUBLISHED,Published,,2015,2015,,EMR,Eastern Mediterranean,,DJI,2015,2015,Djibouti,,No data received,,,,,,
NCD_CCS_integNCDplan,"Existence of an operational, multisectoral national NCD policy, strategy or action plan that integrates several NCDs and their risk factors",https://www.who.int/data/gho/indicator-metadata-registry/imr-details/4680,PUBLISHED,Published,,2015,2015,,EMR,Eastern Mediterranean,,DJI,2015,2015,Djibouti,,No data received,,,,,,
NCD_CCS_CancerPlan,Existence of operational policy/strategy/action plan for cancer,https://www.who.int/data/gho/indicator-metadata-registry/imr-details/2398,PUBLISHED,Published,,2015,2015,,EMR,Eastern Mediterranean,,DJI,2015,2015,Djibouti,,No data received,,,,,,
NCD_CCS_Mkting,Existence of any policies on marketing of foods to children,https://www.who.int/data/gho/indicator-metadata-registry/imr-details/4682,PUBLISHED,Published,,2015,2015,,EMR,Eastern Mediterranean,,DJI,2015,2015,Djibouti,,No data received,,,,,,
NCD_CCS_NCDIndicators,Existence of a set of national NCD indicators and has set time-bound national targets for these indicators,https://www.who.int/data/gho/indicator-metadata-registry/imr-details/4681,PUBLISHED,Published,,2015,2015,,EMR,Eastern Mediterranean,,DJI,2015,2015,Djibouti,,No data received,,,,,,
NCD_CCS_DiabPlan,Existence of operational policy/strategy/action plan for diabetes,https://www.who.int/data/gho/indicator-metadata-registry/imr-details/2399,PUBLISHED,Published,,2015,2015,,EMR,Eastern Mediterranean,,DJI,2015,2015,Djibouti,,No data received,,,,,,
NCD_CCS_AlcPlan,Existence of operational policy/strategy/action plan to reduce the harmful use of alcohol,https://www.who.int/data/gho/indicator-metadata-registry/imr-details/2401,PUBLISHED,Published,,2015,2015,,EMR,Eastern Mediterranean,,DJI,2015,2015,Djibouti,,No data received,,,,,,
NCD_CCS_TobPlan,Existence of operational policy/strategy/action plan to decrease tobacco use,https://www.who.int/data/gho/indicator-metadata-registry/imr-details/2404,PUBLISHED,Published,,2015,2015,,EMR,Eastern Mediterranean,,DJI,2015,2015,Djibouti,,No data received,,,,,,
NCD_CCS_CVDPlan,Existence of operational policy/strategy/action plan for cardiovascular diseases,https://www.who.int/data/gho/indicator-metadata-registry/imr-details/2397,PUBLISHED,Published,,2015,2015,,EMR,Eastern Mediterranean,,DJI,2015,2015,Djibouti,,No data received,,,,,,
NCD_CCS_DietPlan,Existence of operational policy/strategy/action plan to reduce unhealthy diet related to NCDs,https://www.who.int/data/gho/indicator-metadata-registry/imr-details/2402,PUBLISHED,Published,,2015,2015,,,,,DJI,2015,2015,Djibouti,,No data received,,,,,,
NCD_CCS_CRDPlan,Existence of operational policy/strategy/action plan for chronic respiratory diseases,https://www.who.int/data/gho/indicator-metadata-registry/imr-details/2400,PUBLISHED,Published,,2015,2015,,EMR,Eastern Mediterranean,,DJI,2015,2015,Djibouti,,No data received,,,,,,
NCD_CCS_PAPlan,Existence of operational policy/strategy/action plan to reduce physical inactivity,https://www.who.int/data/gho/indicator-metadata-registry/imr-details/2403,PUBLISHED,Published,,2015,2015,,EMR,Eastern Mediterranean,,DJI,2015,2015,Djibouti,,No data received,,,,,,
NCD_CCS_dietpaaware,Implementation of diet and/or physical activity public awareness program,https://www.who.int/data/gho/indicator-metadata-registry/imr-details/4685,PUBLISHED,Published,,2015,2015,,EMR,Eastern Mediterranean,,DJI,2015,2015,Djibouti,,No data received,,,,,,
NCD_CCS_CancerRegNational,Existence of population-based cancer registry,https://www.who.int/data/gho/indicator-metadata-registry/imr-details/4479,PUBLISHED,Published,,2015,2015,,EMR,Eastern Mediterranean,,DJI,2015,2015,Djibouti,,No data received,,,,,,
NCD_CCS_DiabetesReg,Existence of a diabetes registry,https://www.who.int/data/gho/indicator-metadata-registry/imr-details/4686,PUBLISHED,Published,,2015,2015,,EMR,Eastern Mediterranean,,DJI,2015,2015,Djibouti,,No data received,,,,,,
NCD_CCS_PM3_Surv,Has a STEPS survey or a comprehensive health examination survey every 5 years,https://www.who.int/data/gho/indicator-metadata-registry/imr-details/4687,PUBLISHED,Published,,2015,2015,,EMR,Eastern Mediterranean,,DJI,2015,2015,Djibouti,,No data received,,,,,,
NCD_CCS_cervicalcancermethod,Most widely used screening method in national cervical cancer screening program,https://www.who.int/data/gho/indicator-metadata-registry/imr-details/4691,PUBLISHED,Published,,2015,2015,,EMR,Eastern Mediterranean,,DJI,2015,2015,Djibouti,,No data received,,,,,,
NCD_CCS_cervicalcancerpgmtype,Type of national cervical cancer screening program,https://www.who.int/data/gho/indicator-metadata-registry/imr-details/4692,PUBLISHED,Published,,2015,2015,,EMR,Eastern Mediterranean,,DJI,2015,2015,Djibouti,,No data received,,,,,,
NCD_CCS_cervicalcancerpgmcvg,Coverage of national cervical cancer screening program (%),https://www.who.int/data/gho/indicator-metadata-registry/imr-details/4693,PUBLISHED,Published,,2015,2015,,EMR,Eastern Mediterranean,,DJI,2015,2015,Djibouti,,No data received,,,,,,
NCD_CCS_cervicalcancerscreening,Existence of national screening program for cervical cancer,https://www.who.int/data/gho/indicator-metadata-registry/imr-details/4690,PUBLISHED,Published,,2015,2015,,EMR,Eastern Mediterranean,,DJI,2015,2015,Djibouti,,No data received,,,,,,
NCD_CCS_hpv,Existence of national HPV vaccination programme,https://www.who.int/data/gho/indicator-metadata-registry/imr-details/4694,PUBLISHED,Published,,2015,2015,,EMR,Eastern Mediterranean,,DJI,2015,2015,Djibouti,,No data received,,,,,,
NCD_CCS_breastcancerscreening,Existence of national screening program for breast cancer,https://www.who.int/data/gho/indicator-metadata-registry/imr-details/4689,PUBLISHED,Published,,2015,2015,,EMR,Eastern Mediterranean,,DJI,2015,2015,Djibouti,,No data received,,,,,,
NCD_CCS_dialysis,General availability of dialysis in the public health system,https://www.who.int/data/gho/indicator-metadata-registry/imr-details/4696,PUBLISHED,Published,,2015,2015,,EMR,Eastern Mediterranean,,DJI,2015,2015,Djibouti,,No data received,,,,,,
NCD_CCS_thrombolytic,General availability of thrombolytic therapy in the public health system,https://www.who.int/data/gho/indicator-metadata-registry/imr-details/4699,PUBLISHED,Published,,2015,2015,,EMR,Eastern Mediterranean,,DJI,2015,2015,Djibouti,,No data received,,,,,,
NCD_CCS_photocoag,General availability of retinal photocoagulation in the public health system,https://www.who.int/data/gho/indicator-metadata-registry/imr-details/4695,PUBLISHED,Published,,2015,2015,,EMR,Eastern Mediterranean,,DJI,2015,2015,Djibouti,,No data received,,,,,,
NCD_CCS_stroke,Provision for care of acute stroke and rehabilitation in more than 50% of public sector health facilities,https://www.who.int/data/gho/indicator-metadata-registry/imr-details/4703,PUBLISHED,Published,,2015,2015,,EMR,Eastern Mediterranean,,DJI,2015,2015,Djibouti,,No data received,,,,,,
NCD_CCS_renaltrans,General availability of renal replacement by transplantation in the public health system,https://www.who.int/data/gho/indicator-metadata-registry/imr-details/4697,PUBLISHED,Published,,2015,2015,,EMR,Eastern Mediterranean,,DJI,2015,2015,Djibouti,,No data received,,,,,,
NCD_CCS_coronary,General availability of coronary bypass or stenting in the public health system,https://www.who.int/data/gho/indicator-metadata-registry/imr-details/4698,PUBLISHED,Published,,2015,2015,,EMR,Eastern Mediterranean,,DJI,2015,2015,Djibouti,,No data received,,,,,,
NCD_CCS_palliative_home,General availability of palliative care in community or home-based care in the public health system,https://www.who.int/data/gho/indicator-metadata-registry/imr-details/4701,PUBLISHED,Published,,2015,2015,,EMR,Eastern Mediterranean,,DJI,2015,2015,Djibouti,,No data received,,,,,,
NCD_CCS_palliative_prim,General availability of palliative care in primary health care in the public health system,https://www.who.int/data/gho/indicator-metadata-registry/imr-details/4700,PUBLISHED,Published,,2015,2015,,EMR,Eastern Mediterranean,,DJI,2015,2015,Djibouti,,No data received,,,,,,
NCD_CCS_CholMsmt,General availability of total cholesterol measurement at the primary health care level,https://www.who.int/data/gho/indicator-metadata-registry/imr-details/2415,PUBLISHED,Published,,2015,2015,,EMR,Eastern Mediterranean,,DJI,2015,2015,Djibouti,,No data received,,,,,,
NCD_CCS_diabtest,"General availability of diabetes testing (by blood glucose measurement, OGTT) at the primary health care level",https://www.who.int/data/gho/indicator-metadata-registry/imr-details/2413,PUBLISHED,Published,,2015,2015,,EMR,Eastern Mediterranean,,DJI,2015,2015,Djibouti,,No data received,,,,,,
NCD_CCS_HbA1c,General availability of diabetes testing (by HbA1c) at the primary health care level,https://www.who.int/data/gho/indicator-metadata-registry/imr-details/4688,PUBLISHED,Published,,2015,2015,,EMR,Eastern Mediterranean,,DJI,2015,2015,Djibouti,,No data received,,,,,,
NCD_CCS_rheum,Provision for secondary prevention of rheumatic fever and rheumatic heart disease in more than 50% of public sector health facilities,https://www.who.int/data/gho/indicator-metadata-registry/imr-details/4704,PUBLISHED,Published,,2015,2015,,EMR,Eastern Mediterranean,,DJI,2015,2015,Djibouti,,No data received,,,,,,
NCD_CCS_riskstrat,Availability of cardiovascular risk stratification in 50% or more primary health care facilities,https://www.who.int/data/gho/indicator-metadata-registry/imr-details/4702,PUBLISHED,Published,,2015,2015,,EMR,Eastern Mediterranean,,DJI,2015,2015,Djibouti,,No data received,,,,,,
NCD_CCS_UrineAlbumin,General availability of urine testing for albumin,https://www.who.int/data/gho/indicator-metadata-registry/imr-details/4553,PUBLISHED,Published,,2015,2015,,EMR,Eastern Mediterranean,,DJI,2015,2015,Djibouti,,No data received,,,,,,
NCD_CCS_Insulin,General availability of insulin in the public health sector,https://www.who.int/data/gho/indicator-metadata-registry/imr-details/2417,PUBLISHED,Published,,2015,2015,,EMR,Eastern Mediterranean,,DJI,2015,2015,Djibouti,,No data received,,,,,,
NCD_CCS_Statins,General availability of statins in the public health sector,https://www.who.int/data/gho/indicator-metadata-registry/imr-details/2426,PUBLISHED,Published,,2015,2015,,EMR,Eastern Mediterranean,,DJI,2015,2015,Djibouti,,No data received,,,,,,
NCD_CCS_betablockers,General availability of beta blockers in the public health sector,https://www.who.int/data/gho/indicator-metadata-registry/imr-details/4705,PUBLISHED,Published,,2015,2015,,EMR,Eastern Mediterranean,,DJI,2015,2015,Djibouti,,No data received,,,,,,
NCD_CCS_ACE,General availability of ACE inhibitors in the public health sector,https://www.who.int/data/gho/indicator-metadata-registry/imr-details/2422,PUBLISHED,Published,,2015,2015,,EMR,Eastern Mediterranean,,DJI,2015,2015,Djibouti,,No data received,,,,,,
NCD_CCS_Bronchodilators,General availability of bronchodilators in the public health sector,https://www.who.int/data/gho/indicator-metadata-registry/imr-details/4554,PUBLISHED,Published,,2015,2015,,EMR,Eastern Mediterranean,,DJI,2015,2015,Djibouti,,No data received,,,,,,
NCD_CCS_Metformin,General availability of metformin in the public health sector,https://www.who.int/data/gho/indicator-metadata-registry/imr-details/2419,PUBLISHED,Published,,2015,2015,,EMR,Eastern Mediterranean,,DJI,2015,2015,Djibouti,,No data received,,,,,,
NCD_CCS_sulphonylurea,General availability of sulphonylurea(s) in the public health sector,https://www.who.int/data/gho/indicator-metadata-registry/imr-details/4706,PUBLISHED,Published,,2015,2015,,EMR,Eastern Mediterranean,,DJI,2015,2015,Djibouti,,No data received,,,,,,
NCD_CCS_Aspirin,General availability of aspirin (100 mg) in the public health sector,https://www.who.int/data/gho/indicator-metadata-registry/imr-details/2418,PUBLISHED,Published,,2015,2015,,EMR,Eastern Mediterranean,,DJI,2015,2015,Djibouti,,No data received,,,,,,
NCD_CCS_CCBlkrs,General availability of CC blockers in the public health sector,https://www.who.int/data/gho/indicator-metadata-registry/imr-details/2423,PUBLISHED,Published,,2015,2015,,EMR,Eastern Mediterranean,,DJI,2015,2015,Djibouti,,No data received,,,,,,
NCD_CCS_OralMorph,General availability of oral morphine in the public health sector,https://www.who.int/data/gho/indicator-metadata-registry/imr-details/2427,PUBLISHED,Published,,2015,2015,,EMR,Eastern Mediterranean,,DJI,2015,2015,Djibouti,,No data received,,,,,,
NCD_CCS_Thiazide,General availability of thiazide diuretics in the public health sector,https://www.who.int/data/gho/indicator-metadata-registry/imr-details/2421,PUBLISHED,Published,,2015,2015,,EMR,Eastern Mediterranean,,DJI,2015,2015,Djibouti,,No data received,,,,,,
NCD_CCS_Steroid,General availability of steroid inhalers in the public health sector,https://www.who.int/data/gho/indicator-metadata-registry/imr-details/2431,PUBLISHED,Published,,2015,2015,,EMR,Eastern Mediterranean,,DJI,2015,2015,Djibouti,,No data received,,,,,,
NCD_CCS_NCDUnit_Operational,"Existence of an Operational Unit, Branch, or Dept. in Ministry of Health with responsibility for NCDs",https://www.who.int/data/gho/indicator-metadata-registry/imr-details/2396,PUBLISHED,Published,,2017,2017,,EMR,Eastern Mediterranean,,DJI,2017,2017,Djibouti,,Yes,,,,,,
NCD_CCS_MultisecComm,"Existence of a national multisectoral commission, agency or mechanism for NCDs",https://www.who.int/data/gho/indicator-metadata-registry/imr-details/4678,PUBLISHED,Published,,2017,2017,,EMR,Eastern Mediterranean,,DJI,2017,2017,Djibouti,,No,,,,,,
NCD_CCS_integNCDplan,"Existence of an operational, multisectoral national NCD policy, strategy or action plan that integrates several NCDs and their risk factors",https://www.who.int/data/gho/indicator-metadata-registry/imr-details/4680,PUBLISHED,Published,,2017,2017,,EMR,Eastern Mediterranean,,DJI,2017,2017,Djibouti,,No,,,,,,
NCD_CCS_Mkting,Existence of any policies on marketing of foods to children,https://www.who.int/data/gho/indicator-metadata-registry/imr-details/4682,PUBLISHED,Published,,2017,2017,,EMR,Eastern Mediterranean,,DJI,2017,2017,Djibouti,,No,,,,,,
NCD_CCS_SaltPol,Existence of any policies to reduce population salt consumption,https://www.who.int/data/gho/indicator-metadata-registry/imr-details/4683,PUBLISHED,Published,,2017,2017,,EMR,Eastern Mediterranean,,DJI,2017,2017,Djibouti,,No,,,,,,
NCD_CCS_CVDPlan,Existence of operational policy/strategy/action plan for cardiovascular diseases,https://www.who.int/data/gho/indicator-metadata-registry/imr-details/2397,PUBLISHED,Published,,2017,2017,,EMR,Eastern Mediterranean,,DJI,2017,2017,Djibouti,,No,,,,,,
NCD_CCS_CancerPlan,Existence of operational policy/strategy/action plan for cancer,https://www.who.int/data/gho/indicator-metadata-registry/imr-details/2398,PUBLISHED,Published,,2017,2017,,EMR,Eastern Mediterranean,,DJI,2017,2017,Djibouti,,No,,,,,,
NCD_CCS_DiabPlan,Existence of operational policy/strategy/action plan for diabetes,https://www.who.int/data/gho/indicator-metadata-registry/imr-details/2399,PUBLISHED,Published,,2017,2017,,EMR,Eastern Mediterranean,,DJI,2017,2017,Djibouti,,No,,,,,,
NCD_CCS_CRDPlan,Existence of operational policy/strategy/action plan for chronic respiratory diseases,https://www.who.int/data/gho/indicator-metadata-registry/imr-details/2400,PUBLISHED,Published,,2017,2017,,EMR,Eastern Mediterranean,,DJI,2017,2017,Djibouti,,No,,,,,,
NCD_CCS_TobPlan,Existence of operational policy/strategy/action plan to decrease tobacco use,https://www.who.int/data/gho/indicator-metadata-registry/imr-details/2404,PUBLISHED,Published,,2017,2017,,EMR,Eastern Mediterranean,,DJI,2017,2017,Djibouti,,No,,,,,,
NCD_CCS_DietPlan,Existence of operational policy/strategy/action plan to reduce unhealthy diet related to NCDs,https://www.who.int/data/gho/indicator-metadata-registry/imr-details/2402,PUBLISHED,Published,,2017,2017,,EMR,Eastern Mediterranean,,DJI,2017,2017,Djibouti,,No,,,,,,
NCD_CCS_AlcPlan,Existence of operational policy/strategy/action plan to reduce the harmful use of alcohol,https://www.who.int/data/gho/indicator-metadata-registry/imr-details/2401,PUBLISHED,Published,,2017,2017,,EMR,Eastern Mediterranean,,DJI,2017,2017,Djibouti,,No,,,,,,
NCD_CCS_PAPlan,Existence of operational policy/strategy/action plan to reduce physical inactivity,https://www.who.int/data/gho/indicator-metadata-registry/imr-details/2403,PUBLISHED,Published,,2017,2017,,EMR,Eastern Mediterranean,,DJI,2017,2017,Djibouti,,No,,,,,,
NCD_CCS_DiabetesReg,Existence of a diabetes registry,https://www.who.int/data/gho/indicator-metadata-registry/imr-details/4686,PUBLISHED,Published,,2017,2017,,EMR,Eastern Mediterranean,,DJI,2017,2017,Djibouti,,No,,,,,,
NCD_CCS_CancerRegNational,Existence of population-based cancer registry,https://www.who.int/data/gho/indicator-metadata-registry/imr-details/4479,PUBLISHED,Published,,2017,2017,,EMR,Eastern Mediterranean,,DJI,2017,2017,Djibouti,,No,,,,,,
NCD_CCS_PM3_Surv,Has a STEPS survey or a comprehensive health examination survey every 5 years,https://www.who.int/data/gho/indicator-metadata-registry/imr-details/4687,PUBLISHED,Published,,2017,2017,,EMR,Eastern Mediterranean,,DJI,2017,2017,Djibouti,,No,,,,,,
NCD_CCS_diabtest,"General availability of diabetes testing (by blood glucose measurement, OGTT) at the primary health care level",https://www.who.int/data/gho/indicator-metadata-registry/imr-details/2413,PUBLISHED,Published,,2017,2017,,EMR,Eastern Mediterranean,,DJI,2017,2017,Djibouti,,Yes,,,,,,
NCD_CCS_HbA1c,General availability of diabetes testing (by HbA1c) at the primary health care level,https://www.who.int/data/gho/indicator-metadata-registry/imr-details/4688,PUBLISHED,Published,,2017,2017,,EMR,Eastern Mediterranean,,DJI,2017,2017,Djibouti,,Yes,,,,,,
NCD_CCS_CholMsmt,General availability of total cholesterol measurement at the primary health care level,https://www.who.int/data/gho/indicator-metadata-registry/imr-details/2415,PUBLISHED,Published,,2017,2017,,EMR,Eastern Mediterranean,,DJI,2017,2017,Djibouti,,Yes,,,,,,
NCD_CCS_UrineAlbumin,General availability of urine testing for albumin,https://www.who.int/data/gho/indicator-metadata-registry/imr-details/4553,PUBLISHED,Published,,2017,2017,,EMR,Eastern Mediterranean,,DJI,2017,2017,Djibouti,,Yes,,,,,,
NCD_CCS_Insulin,General availability of insulin in the public health sector,https://www.who.int/data/gho/indicator-metadata-registry/imr-details/2417,PUBLISHED,Published,,2017,2017,,EMR,Eastern Mediterranean,,DJI,2017,2017,Djibouti,,Yes,,,,,,
NCD_CCS_Aspirin,General availability of aspirin (100 mg) in the public health sector,https://www.who.int/data/gho/indicator-metadata-registry/imr-details/2418,PUBLISHED,Published,,2017,2017,,EMR,Eastern Mediterranean,,DJI,2017,2017,Djibouti,,No,,,,,,
NCD_CCS_Metformin,General availability of metformin in the public health sector,https://www.who.int/data/gho/indicator-metadata-registry/imr-details/2419,PUBLISHED,Published,,2017,2017,,EMR,Eastern Mediterranean,,DJI,2017,2017,Djibouti,,Yes,,,,,,
NCD_CCS_Thiazide,General availability of thiazide diuretics in the public health sector,https://www.who.int/data/gho/indicator-metadata-registry/imr-details/2421,PUBLISHED,Published,,2017,2017,,EMR,Eastern Mediterranean,,DJI,2017,2017,Djibouti,,Yes,,,,,,
NCD_CCS_ACE,General availability of ACE inhibitors in the public health sector,https://www.who.int/data/gho/indicator-metadata-registry/imr-details/2422,PUBLISHED,Published,,2017,2017,,EMR,Eastern Mediterranean,,DJI,2017,2017,Djibouti,,Yes,,,,,,
NCD_CCS_CCBlkrs,General availability of CC blockers in the public health sector,https://www.who.int/data/gho/indicator-metadata-registry/imr-details/2423,PUBLISHED,Published,,2017,2017,,EMR,Eastern Mediterranean,,DJI,2017,2017,Djibouti,,Yes,,,,,,
NCD_CCS_betablockers,General availability of beta blockers in the public health sector,https://www.who.int/data/gho/indicator-metadata-registry/imr-details/4705,PUBLISHED,Published,,2017,2017,,EMR,Eastern Mediterranean,,DJI,2017,2017,Djibouti,,Yes,,,,,,
NCD_CCS_Statins,General availability of statins in the public health sector,https://www.who.int/data/gho/indicator-metadata-registry/imr-details/2426,PUBLISHED,Published,,2017,2017,,EMR,Eastern Mediterranean,,DJI,2017,2017,Djibouti,,No,,,,,,
NCD_CCS_OralMorph,General availability of oral morphine in the public health sector,https://www.who.int/data/gho/indicator-metadata-registry/imr-details/2427,PUBLISHED,Published,,2017,2017,,EMR,Eastern Mediterranean,,DJI,2017,2017,Djibouti,,No,,,,,,
NCD_CCS_Steroid,General availability of steroid inhalers in the public health sector,https://www.who.int/data/gho/indicator-metadata-registry/imr-details/2431,PUBLISHED,Published,,2017,2017,,EMR,Eastern Mediterranean,,DJI,2017,2017,Djibouti,,No,,,,,,
NCD_CCS_Bronchodilators,General availability of bronchodilators in the public health sector,https://www.who.int/data/gho/indicator-metadata-registry/imr-details/4554,PUBLISHED,Published,,2017,2017,,EMR,Eastern Mediterranean,,DJI,2017,2017,Djibouti,,Yes,,,,,,
NCD_CCS_sulphonylurea,General availability of sulphonylurea(s) in the public health sector,https://www.who.int/data/gho/indicator-metadata-registry/imr-details/4706,PUBLISHED,Published,,2017,2017,,EMR,Eastern Mediterranean,,DJI,2017,2017,Djibouti,,Yes,,,,,,
NCD_CCS_Nicotine,General availability of nicotine replacement therapy in the public health sector,https://www.who.int/data/gho/indicator-metadata-registry/imr-details/2428,PUBLISHED,Published,,2017,2017,,EMR,Eastern Mediterranean,,DJI,2017,2017,Djibouti,,No,,,,,,
NCD_CCS_breastcancerscreening,Existence of national screening program for breast cancer,https://www.who.int/data/gho/indicator-metadata-registry/imr-details/4689,PUBLISHED,Published,,2017,2017,,EMR,Eastern Mediterranean,,DJI,2017,2017,Djibouti,,Yes,,,,,,
NCD_CCS_cervicalcancerscreening,Existence of national screening program for cervical cancer,https://www.who.int/data/gho/indicator-metadata-registry/imr-details/4690,PUBLISHED,Published,,2017,2017,,EMR,Eastern Mediterranean,,DJI,2017,2017,Djibouti,,Yes,,,,,,
NCD_CCS_cervicalcancermethod,Most widely used screening method in national cervical cancer screening program,https://www.who.int/data/gho/indicator-metadata-registry/imr-details/4691,PUBLISHED,Published,,2017,2017,,EMR,Eastern Mediterranean,,DJI,2017,2017,Djibouti,,PAP smear,,,,,,
NCD_CCS_cervicalcancerpgmtype,Type of national cervical cancer screening program,https://www.who.int/data/gho/indicator-metadata-registry/imr-details/4692,PUBLISHED,Published,,2017,2017,,EMR,Eastern Mediterranean,,DJI,2017,2017,Djibouti,,Organized population-based screening,,,,,,
NCD_CCS_cervicalcancerpgmcvg,Coverage of national cervical cancer screening program (%),https://www.who.int/data/gho/indicator-metadata-registry/imr-details/4693,PUBLISHED,Published,,2017,2017,,EMR,Eastern Mediterranean,,DJI,2017,2017,Djibouti,,10 to 50,,,,,,
NCD_CCS_hpv,Existence of national HPV vaccination programme,https://www.who.int/data/gho/indicator-metadata-registry/imr-details/4694,PUBLISHED,Published,,2017,2017,,EMR,Eastern Mediterranean,,DJI,2017,2017,Djibouti,,No,,,,,,
NCD_CCS_photocoag,General availability of retinal photocoagulation in the public health system,https://www.who.int/data/gho/indicator-metadata-registry/imr-details/4695,PUBLISHED,Published,,2017,2017,,EMR,Eastern Mediterranean,,DJI,2017,2017,Djibouti,,No response,,,,,,Country did not respond to at least one included question.
NCD_CCS_dialysis,General availability of dialysis in the public health system,https://www.who.int/data/gho/indicator-metadata-registry/imr-details/4696,PUBLISHED,Published,,2017,2017,,EMR,Eastern Mediterranean,,DJI,2017,2017,Djibouti,,Yes,,,,,,
NCD_CCS_renaltrans,General availability of renal replacement by transplantation in the public health system,https://www.who.int/data/gho/indicator-metadata-registry/imr-details/4697,PUBLISHED,Published,,2017,2017,,EMR,Eastern Mediterranean,,DJI,2017,2017,Djibouti,,No,,,,,,
NCD_CCS_thrombolytic,General availability of thrombolytic therapy in the public health system,https://www.who.int/data/gho/indicator-metadata-registry/imr-details/4699,PUBLISHED,Published,,2017,2017,,EMR,Eastern Mediterranean,,DJI,2017,2017,Djibouti,,Yes,,,,,,
NCD_CCS_coronary,General availability of coronary bypass or stenting in the public health system,https://www.who.int/data/gho/indicator-metadata-registry/imr-details/4698,PUBLISHED,Published,,2017,2017,,EMR,Eastern Mediterranean,,DJI,2017,2017,Djibouti,,No,,,,,,
NCD_CCS_palliative_prim,General availability of palliative care in primary health care in the public health system,https://www.who.int/data/gho/indicator-metadata-registry/imr-details/4700,PUBLISHED,Published,,2017,2017,,EMR,Eastern Mediterranean,,DJI,2017,2017,Djibouti,,No,,,,,,
NCD_CCS_palliative_home,General availability of palliative care in community or home-based care in the public health system,https://www.who.int/data/gho/indicator-metadata-registry/imr-details/4701,PUBLISHED,Published,,2017,2017,,EMR,Eastern Mediterranean,,DJI,2017,2017,Djibouti,,No,,,,,,
NCD_CCS_riskstrat,Availability of cardiovascular risk stratification in 50% or more primary health care facilities,https://www.who.int/data/gho/indicator-metadata-registry/imr-details/4702,PUBLISHED,Published,,2017,2017,,EMR,Eastern Mediterranean,,DJI,2017,2017,Djibouti,,No,,,,,,
NCD_CCS_targets,Existence of a set of time-bound national targets based on WHO guidance,https://www.who.int/data/gho/indicator-metadata-registry/imr-details/4980,PUBLISHED,Published,,2017,2017,,EMR,Eastern Mediterranean,,DJI,2017,2017,Djibouti,,No,,,,,,
NCD_CCS_oralhealthplan,Existence of operational policy/strategy/action plan for oral health,https://www.who.int/data/gho/indicator-metadata-registry/imr-details/4982,PUBLISHED,Published,,2017,2017,,EMR,Eastern Mediterranean,,DJI,2017,2017,Djibouti,,No,,,,,,
NCD_CCS_paaware,Implementation of physical activity public awareness program,https://www.who.int/data/gho/indicator-metadata-registry/imr-details/4981,PUBLISHED,Published,,2017,2017,,EMR,Eastern Mediterranean,,DJI,2017,2017,Djibouti,,No,,,,,,
NCD_CCS_NCDGuide,Existence of evidence-based national guidelines/protocols/standards for the management of major NCDs through a primary care approach,https://www.who.int/data/gho/indicator-metadata-registry/imr-details/4478,PUBLISHED,Published,,2017,2017,,EMR,Eastern Mediterranean,,DJI,2017,2017,Djibouti,,No,,,,,,
NCD_CCS_stroke,Provision for care of acute stroke and rehabilitation in more than 50% of public sector health facilities,https://www.who.int/data/gho/indicator-metadata-registry/imr-details/4703,PUBLISHED,Published,,2017,2017,,EMR,Eastern Mediterranean,,DJI,2017,2017,Djibouti,,Yes,,,,,,
NCD_CCS_rheumreg,Existence of a register of patients who had rheumatic fever and rheumatic heart disease,https://www.who.int/data/gho/indicator-metadata-registry/imr-details/4983,PUBLISHED,Published,,2017,2017,,EMR,Eastern Mediterranean,,DJI,2017,2017,Djibouti,,No,,,,,,
NCD_CCS_rheumfollowup,Has systems for follow-up/recall to deliver long-term penicillin prophylaxis to patients with rheumatic fever and rheumatic heart disease,https://www.who.int/data/gho/indicator-metadata-registry/imr-details/4984,PUBLISHED,Published,,2017,2017,,EMR,Eastern Mediterranean,,DJI,2017,2017,Djibouti,,Not applicable,,,,,,
NCD_CCS_NCDGuide,Existence of evidence-based national guidelines/protocols/standards for the management of major NCDs through a primary care approach,https://www.who.int/data/gho/indicator-metadata-registry/imr-details/4478,PUBLISHED,Published,,2013,2013,,EMR,Eastern Mediterranean,,DJI,2013,2013,Djibouti,,No,,,,,,
NCD_CCS_NCDGuide,Existence of evidence-based national guidelines/protocols/standards for the management of major NCDs through a primary care approach,https://www.who.int/data/gho/indicator-metadata-registry/imr-details/4478,PUBLISHED,Published,,2015,2015,,EMR,Eastern Mediterranean,,DJI,2015,2015,Djibouti,,No data received,,,,,,
NCD_CCS_paaware,Implementation of physical activity public awareness program,https://www.who.int/data/gho/indicator-metadata-registry/imr-details/4981,PUBLISHED,Published,,2015,2015,,EMR,Eastern Mediterranean,,DJI,2015,2015,Djibouti,,No data received,,,,,,
NCD_CCS_targets,Existence of a set of time-bound national targets based on WHO guidance,https://www.who.int/data/gho/indicator-metadata-registry/imr-details/4980,PUBLISHED,Published,,2015,2015,,EMR,Eastern Mediterranean,,DJI,2015,2015,Djibouti,,No data received,,,,,,
NCD_CCS_SSBTAX,Existence of tax on sugar-sweetened beverages,https://www.who.int/data/gho/indicator-metadata-registry/imr-details/5283,PUBLISHED,Published,,2017,2017,,EMR,Eastern Mediterranean,,DJI,2017,2017,Djibouti,,Yes,,,,,,
NCD_CCS_NCDUnit_Operational,"Existence of an Operational Unit, Branch, or Dept. in Ministry of Health with responsibility for NCDs",https://www.who.int/data/gho/indicator-metadata-registry/imr-details/2396,PUBLISHED,Published,,2019,2019,,EMR,Eastern Mediterranean,,DJI,2019,2019,Djibouti,,Yes,,,,,,
NCD_CCS_MultisecComm,"Existence of a national multisectoral commission, agency or mechanism for NCDs",https://www.who.int/data/gho/indicator-metadata-registry/imr-details/4678,PUBLISHED,Published,,2019,2019,,EMR,Eastern Mediterranean,,DJI,2019,2019,Djibouti,,don't know,,,,,,
NCD_CCS_integNCDplan,"Existence of an operational, multisectoral national NCD policy, strategy or action plan that integrates several NCDs and their risk factors",https://www.who.int/data/gho/indicator-metadata-registry/imr-details/4680,PUBLISHED,Published,,2019,2019,,EMR,Eastern Mediterranean,,DJI,2019,2019,Djibouti,,No,,,,,,
NCD_CCS_Mkting,Existence of any policies on marketing of foods to children,https://www.who.int/data/gho/indicator-metadata-registry/imr-details/4682,PUBLISHED,Published,,2019,2019,,EMR,Eastern Mediterranean,,DJI,2019,2019,Djibouti,,No,,,,,,
NCD_CCS_SaltPol,Existence of any policies to reduce population salt consumption,https://www.who.int/data/gho/indicator-metadata-registry/imr-details/4683,PUBLISHED,Published,,2019,2019,,EMR,Eastern Mediterranean,,DJI,2019,2019,Djibouti,,No,,,,,,
NCD_CCS_SatFat,Existence of national policies on saturated fatty acids,https://www.who.int/data/gho/indicator-metadata-registry/imr-details/5554,PUBLISHED,Published,,2019,2019,,EMR,Eastern Mediterranean,,DJI,2019,2019,Djibouti,,No,,,,,,
NCD_CCS_TransFat,Existence of national policies on trans-fatty acid elimination,https://www.who.int/data/gho/indicator-metadata-registry/imr-details/5555,PUBLISHED,Published,,2019,2019,,EMR,Eastern Mediterranean,,DJI,2019,2019,Djibouti,,No,,,,,,
NCD_CCS_CVDPlan,Existence of operational policy/strategy/action plan for cardiovascular diseases,https://www.who.int/data/gho/indicator-metadata-registry/imr-details/2397,PUBLISHED,Published,,2019,2019,,EMR,Eastern Mediterranean,,DJI,2019,2019,Djibouti,,No,,,,,,
NCD_CCS_CancerPlan,Existence of operational policy/strategy/action plan for cancer,https://www.who.int/data/gho/indicator-metadata-registry/imr-details/2398,PUBLISHED,Published,,2019,2019,,EMR,Eastern Mediterranean,,DJI,2019,2019,Djibouti,,No,,,,,,
NCD_CCS_DiabPlan,Existence of operational policy/strategy/action plan for diabetes,https://www.who.int/data/gho/indicator-metadata-registry/imr-details/2399,PUBLISHED,Published,,2019,2019,,EMR,Eastern Mediterranean,,DJI,2019,2019,Djibouti,,No,,,,,,
NCD_CCS_CRDPlan,Existence of operational policy/strategy/action plan for chronic respiratory diseases,https://www.who.int/data/gho/indicator-metadata-registry/imr-details/2400,PUBLISHED,Published,,2019,2019,,EMR,Eastern Mediterranean,,DJI,2019,2019,Djibouti,,No,,,,,,
NCD_CCS_oralhealthplan,Existence of operational policy/strategy/action plan for oral health,https://www.who.int/data/gho/indicator-metadata-registry/imr-details/4982,PUBLISHED,Published,,2019,2019,,EMR,Eastern Mediterranean,,DJI,2019,2019,Djibouti,,No,,,,,,
NCD_CCS_TobPlan,Existence of operational policy/strategy/action plan to decrease tobacco use,https://www.who.int/data/gho/indicator-metadata-registry/imr-details/2404,PUBLISHED,Published,,2019,2019,,EMR,Eastern Mediterranean,,DJI,2019,2019,Djibouti,,No,,,,,,
NCD_CCS_DietPlan,Existence of operational policy/strategy/action plan to reduce unhealthy diet related to NCDs,https://www.who.int/data/gho/indicator-metadata-registry/imr-details/2402,PUBLISHED,Published,,2019,2019,,EMR,Eastern Mediterranean,,DJI,2019,2019,Djibouti,,No,,,,,,
NCD_CCS_AlcPlan,Existence of operational policy/strategy/action plan to reduce the harmful use of alcohol,https://www.who.int/data/gho/indicator-metadata-registry/imr-details/2401,PUBLISHED,Published,,2019,2019,,EMR,Eastern Mediterranean,,DJI,2019,2019,Djibouti,,No,,,,,,
NCD_CCS_PAPlan,Existence of operational policy/strategy/action plan to reduce physical inactivity,https://www.who.int/data/gho/indicator-metadata-registry/imr-details/2403,PUBLISHED,Published,,2019,2019,,EMR,Eastern Mediterranean,,DJI,2019,2019,Djibouti,,No,,,,,,
NCD_CCS_targets,Existence of a set of time-bound national targets based on WHO guidance,https://www.who.int/data/gho/indicator-metadata-registry/imr-details/4980,PUBLISHED,Published,,2019,2019,,EMR,Eastern Mediterranean,,DJI,2019,2019,Djibouti,,No,,,,,,
NCD_CCS_paaware,Implementation of physical activity public awareness program,https://www.who.int/data/gho/indicator-metadata-registry/imr-details/4981,PUBLISHED,Published,,2019,2019,,EMR,Eastern Mediterranean,,DJI,2019,2019,Djibouti,,No,,,,,,
NCD_CCS_DiabetesReg,Existence of a diabetes registry,https://www.who.int/data/gho/indicator-metadata-registry/imr-details/4686,PUBLISHED,Published,,2019,2019,,EMR,Eastern Mediterranean,,DJI,2019,2019,Djibouti,,No,,,,,,
NCD_CCS_CancerRegNational,Existence of population-based cancer registry,https://www.who.int/data/gho/indicator-metadata-registry/imr-details/4479,PUBLISHED,Published,,2019,2019,,EMR,Eastern Mediterranean,,DJI,2019,2019,Djibouti,,No,,,,,,
NCD_CCS_PM3_Surv,Has a STEPS survey or a comprehensive health examination survey every 5 years,https://www.who.int/data/gho/indicator-metadata-registry/imr-details/4687,PUBLISHED,Published,,2019,2019,,EMR,Eastern Mediterranean,,DJI,2019,2019,Djibouti,,No,,,,,,
NCD_CCS_NCDGuide,Existence of evidence-based national guidelines/protocols/standards for the management of major NCDs through a primary care approach,https://www.who.int/data/gho/indicator-metadata-registry/imr-details/4478,PUBLISHED,Published,,2019,2019,,EMR,Eastern Mediterranean,,DJI,2019,2019,Djibouti,,No,,,,,,
NCD_CCS_diabtest,"General availability of diabetes testing (by blood glucose measurement, OGTT) at the primary health care level",https://www.who.int/data/gho/indicator-metadata-registry/imr-details/2413,PUBLISHED,Published,,2019,2019,,EMR,Eastern Mediterranean,,DJI,2019,2019,Djibouti,,Yes,,,,,,
NCD_CCS_HbA1c,General availability of diabetes testing (by HbA1c) at the primary health care level,https://www.who.int/data/gho/indicator-metadata-registry/imr-details/4688,PUBLISHED,Published,,2019,2019,,EMR,Eastern Mediterranean,,DJI,2019,2019,Djibouti,,No,,,,,,
NCD_CCS_CholMsmt,General availability of total cholesterol measurement at the primary health care level,https://www.who.int/data/gho/indicator-metadata-registry/imr-details/2415,PUBLISHED,Published,,2019,2019,,EMR,Eastern Mediterranean,,DJI,2019,2019,Djibouti,,No,,,,,,
NCD_CCS_UrineAlbumin,General availability of urine testing for albumin,https://www.who.int/data/gho/indicator-metadata-registry/imr-details/4553,PUBLISHED,Published,,2019,2019,,EMR,Eastern Mediterranean,,DJI,2019,2019,Djibouti,,Yes,,,,,,
NCD_CCS_Insulin,General availability of insulin in the public health sector,https://www.who.int/data/gho/indicator-metadata-registry/imr-details/2417,PUBLISHED,Published,,2019,2019,,EMR,Eastern Mediterranean,,DJI,2019,2019,Djibouti,,Yes,,,,,,
NCD_CCS_Aspirin,General availability of aspirin (100 mg) in the public health sector,https://www.who.int/data/gho/indicator-metadata-registry/imr-details/2418,PUBLISHED,Published,,2019,2019,,EMR,Eastern Mediterranean,,DJI,2019,2019,Djibouti,,Yes,,,,,,
NCD_CCS_Metformin,General availability of metformin in the public health sector,https://www.who.int/data/gho/indicator-metadata-registry/imr-details/2419,PUBLISHED,Published,,2019,2019,,EMR,Eastern Mediterranean,,DJI,2019,2019,Djibouti,,Yes,,,,,,
NCD_CCS_Thiazide,General availability of thiazide diuretics in the public health sector,https://www.who.int/data/gho/indicator-metadata-registry/imr-details/2421,PUBLISHED,Published,,2019,2019,,EMR,Eastern Mediterranean,,DJI,2019,2019,Djibouti,,Yes,,,,,,
NCD_CCS_ACE,General availability of ACE inhibitors in the public health sector,https://www.who.int/data/gho/indicator-metadata-registry/imr-details/2422,PUBLISHED,Published,,2019,2019,,EMR,Eastern Mediterranean,,DJI,2019,2019,Djibouti,,Yes,,,,,,
NCD_CCS_ARB,General availability of Angiotensin II receptor blockers (ARBs) in the public health sector,https://www.who.int/data/gho/indicator-metadata-registry/imr-details/5556,PUBLISHED,Published,,2019,2019,,EMR,Eastern Mediterranean,,DJI,2019,2019,Djibouti,,No,,,,,,
NCD_CCS_CCBlkrs,General availability of CC blockers in the public health sector,https://www.who.int/data/gho/indicator-metadata-registry/imr-details/2423,PUBLISHED,Published,,2019,2019,,EMR,Eastern Mediterranean,,DJI,2019,2019,Djibouti,,Yes,,,,,,
NCD_CCS_betablockers,General availability of beta blockers in the public health sector,https://www.who.int/data/gho/indicator-metadata-registry/imr-details/4705,PUBLISHED,Published,,2019,2019,,EMR,Eastern Mediterranean,,DJI,2019,2019,Djibouti,,Yes,,,,,,
NCD_CCS_Statins,General availability of statins in the public health sector,https://www.who.int/data/gho/indicator-metadata-registry/imr-details/2426,PUBLISHED,Published,,2019,2019,,EMR,Eastern Mediterranean,,DJI,2019,2019,Djibouti,,No,,,,,,
NCD_CCS_OralMorph,General availability of oral morphine in the public health sector,https://www.who.int/data/gho/indicator-metadata-registry/imr-details/2427,PUBLISHED,Published,,2019,2019,,EMR,Eastern Mediterranean,,DJI,2019,2019,Djibouti,,No,,,,,,
NCD_CCS_Steroid,General availability of steroid inhalers in the public health sector,https://www.who.int/data/gho/indicator-metadata-registry/imr-details/2431,PUBLISHED,Published,,2019,2019,,EMR,Eastern Mediterranean,,DJI,2019,2019,Djibouti,,No,,,,,,
NCD_CCS_Bronchodilators,General availability of bronchodilators in the public health sector,https://www.who.int/data/gho/indicator-metadata-registry/imr-details/4554,PUBLISHED,Published,,2019,2019,,EMR,Eastern Mediterranean,,DJI,2019,2019,Djibouti,,Yes,,,,,,
NCD_CCS_sulphonylurea,General availability of sulphonylurea(s) in the public health sector,https://www.who.int/data/gho/indicator-metadata-registry/imr-details/4706,PUBLISHED,Published,,2019,2019,,EMR,Eastern Mediterranean,,DJI,2019,2019,Djibouti,,No,,,,,,
NCD_CCS_Nicotine,General availability of nicotine replacement therapy in the public health sector,https://www.who.int/data/gho/indicator-metadata-registry/imr-details/2428,PUBLISHED,Published,,2019,2019,,EMR,Eastern Mediterranean,,DJI,2019,2019,Djibouti,,No,,,,,,
NCD_CCS_breastcancerscreening,Existence of national screening program for breast cancer,https://www.who.int/data/gho/indicator-metadata-registry/imr-details/4689,PUBLISHED,Published,,2019,2019,,EMR,Eastern Mediterranean,,DJI,2019,2019,Djibouti,,Yes,,,,,,
NCD_CCS_cervicalcancerscreening,Existence of national screening program for cervical cancer,https://www.who.int/data/gho/indicator-metadata-registry/imr-details/4690,PUBLISHED,Published,,2019,2019,,EMR,Eastern Mediterranean,,DJI,2019,2019,Djibouti,,Yes,,,,,,
NCD_CCS_cervicalcancermethod,Most widely used screening method in national cervical cancer screening program,https://www.who.int/data/gho/indicator-metadata-registry/imr-details/4691,PUBLISHED,Published,,2019,2019,,EMR,Eastern Mediterranean,,DJI,2019,2019,Djibouti,,PAP smear,,,,,,
NCD_CCS_cervicalcancerpgmtype,Type of national cervical cancer screening program,https://www.who.int/data/gho/indicator-metadata-registry/imr-details/4692,PUBLISHED,Published,,2019,2019,,EMR,Eastern Mediterranean,,DJI,2019,2019,Djibouti,,Organized population-based screening,,,,,,
NCD_CCS_cervicalcancerpgmcvg,Coverage of national cervical cancer screening program (%),https://www.who.int/data/gho/indicator-metadata-registry/imr-details/4693,PUBLISHED,Published,,2019,2019,,EMR,Eastern Mediterranean,,DJI,2019,2019,Djibouti,,10 to 50,,,,,,
NCD_CCS_hpv,Existence of national HPV vaccination programme,https://www.who.int/data/gho/indicator-metadata-registry/imr-details/4694,PUBLISHED,Published,,2019,2019,,EMR,Eastern Mediterranean,,DJI,2019,2019,Djibouti,,No,,,,,,
NCD_CCS_photocoag,General availability of retinal photocoagulation in the public health system,https://www.who.int/data/gho/indicator-metadata-registry/imr-details/4695,PUBLISHED,Published,,2019,2019,,EMR,Eastern Mediterranean,,DJI,2019,2019,Djibouti,,No,,,,,,
NCD_CCS_dialysis,General availability of dialysis in the public health system,https://www.who.int/data/gho/indicator-metadata-registry/imr-details/4696,PUBLISHED,Published,,2019,2019,,EMR,Eastern Mediterranean,,DJI,2019,2019,Djibouti,,No,,,,,,
NCD_CCS_renaltrans,General availability of renal replacement by transplantation in the public health system,https://www.who.int/data/gho/indicator-metadata-registry/imr-details/4697,PUBLISHED,Published,,2019,2019,,EMR,Eastern Mediterranean,,DJI,2019,2019,Djibouti,,No,,,,,,
NCD_CCS_thrombolytic,General availability of thrombolytic therapy in the public health system,https://www.who.int/data/gho/indicator-metadata-registry/imr-details/4699,PUBLISHED,Published,,2019,2019,,EMR,Eastern Mediterranean,,DJI,2019,2019,Djibouti,,No,,,,,,
NCD_CCS_bone_marrow,General availability of bone marrow transplantation in the public health system,https://www.who.int/data/gho/indicator-metadata-registry/imr-details/5557,PUBLISHED,Published,,2019,2019,,EMR,Eastern Mediterranean,,DJI,2019,2019,Djibouti,,No,,,,,,
NCD_CCS_coronary,General availability of coronary bypass or stenting in the public health system,https://www.who.int/data/gho/indicator-metadata-registry/imr-details/4698,PUBLISHED,Published,,2019,2019,,EMR,Eastern Mediterranean,,DJI,2019,2019,Djibouti,,No,,,,,,
NCD_CCS_palliative_prim,General availability of palliative care in primary health care in the public health system,https://www.who.int/data/gho/indicator-metadata-registry/imr-details/4700,PUBLISHED,Published,,2019,2019,,EMR,Eastern Mediterranean,,DJI,2019,2019,Djibouti,,No,,,,,,
NCD_CCS_palliative_home,General availability of palliative care in community or home-based care in the public health system,https://www.who.int/data/gho/indicator-metadata-registry/imr-details/4701,PUBLISHED,Published,,2019,2019,,EMR,Eastern Mediterranean,,DJI,2019,2019,Djibouti,,No,,,,,,
NCD_CCS_riskstrat,Availability of cardiovascular risk stratification in 50% or more primary health care facilities,https://www.who.int/data/gho/indicator-metadata-registry/imr-details/4702,PUBLISHED,Published,,2019,2019,,EMR,Eastern Mediterranean,,DJI,2019,2019,Djibouti,,No,,,,,,
NCD_CCS_stroke,Provision for care of acute stroke and rehabilitation in more than 50% of public sector health facilities,https://www.who.int/data/gho/indicator-metadata-registry/imr-details/4703,PUBLISHED,Published,,2019,2019,,EMR,Eastern Mediterranean,,DJI,2019,2019,Djibouti,,Yes,,,,,,
NCD_CCS_rheumreg,Existence of a register of patients who had rheumatic fever and rheumatic heart disease,https://www.who.int/data/gho/indicator-metadata-registry/imr-details/4983,PUBLISHED,Published,,2019,2019,,EMR,Eastern Mediterranean,,DJI,2019,2019,Djibouti,,No,,,,,,
NCD_CCS_rheumfollowup,Has systems for follow-up/recall to deliver long-term penicillin prophylaxis to patients with rheumatic fever and rheumatic heart disease,https://www.who.int/data/gho/indicator-metadata-registry/imr-details/4984,PUBLISHED,Published,,2019,2019,,EMR,Eastern Mediterranean,,DJI,2019,2019,Djibouti,,Not applicable,,,,,,
NCD_CCS_SSBTAX,Existence of tax on sugar-sweetened beverages,https://www.who.int/data/gho/indicator-metadata-registry/imr-details/5283,PUBLISHED,Published,,2019,2019,,EMR,Eastern Mediterranean,,DJI,2019,2019,Djibouti,,No,,,,,,
NCD_CCS_NCDUnit_Operational,"Existence of an Operational Unit, Branch, or Dept. in Ministry of Health with responsibility for NCDs",https://www.who.int/data/gho/indicator-metadata-registry/imr-details/2396,PUBLISHED,Published,,2021,2021,,EMR,Eastern Mediterranean,,DJI,2021,2021,Djibouti,,No,,,,,,
NCD_CCS_SSBTAX,Existence of tax on sugar-sweetened beverages,https://www.who.int/data/gho/indicator-metadata-registry/imr-details/5283,PUBLISHED,Published,,2021,2021,,EMR,Eastern Mediterranean,,DJI,2021,2021,Djibouti,,No,,,,,,
NCD_CCS_FOOD_TAX,"Existence of tax on foods high in fat, sugars or salt",https://www.who.int/data/gho/indicator-metadata-registry/imr-details/5685,PUBLISHED,Published,,2021,2021,,EMR,Eastern Mediterranean,,DJI,2021,2021,Djibouti,,No,,,,,,
NCD_CCS_PRICE_SUBS,Existence of price subsidies for healthy foods,https://www.who.int/data/gho/indicator-metadata-registry/imr-details/5686,PUBLISHED,Published,,2021,2021,,EMR,Eastern Mediterranean,,DJI,2021,2021,Djibouti,,No,,,,,,
NCD_CCS_PA_TAX,Existence of tax incentives to promote physical activity,https://www.who.int/data/gho/indicator-metadata-registry/imr-details/5687,PUBLISHED,Published,,2021,2021,,EMR,Eastern Mediterranean,,DJI,2021,2021,Djibouti,,No,,,,,,
NCD_CCS_targets,Existence of a set of time-bound national targets based on WHO guidance,https://www.who.int/data/gho/indicator-metadata-registry/imr-details/4980,PUBLISHED,Published,,2021,2021,,EMR,Eastern Mediterranean,,DJI,2021,2021,Djibouti,,No,,,,,,
NCD_CCS_integNCDplan,"Existence of an operational, multisectoral national NCD policy, strategy or action plan that integrates several NCDs and their risk factors",https://www.who.int/data/gho/indicator-metadata-registry/imr-details/4680,PUBLISHED,Published,,2021,2021,,EMR,Eastern Mediterranean,,DJI,2021,2021,Djibouti,,No,,,,,,
NCD_CCS_AlcPlan,Existence of operational policy/strategy/action plan to reduce the harmful use of alcohol,https://www.who.int/data/gho/indicator-metadata-registry/imr-details/2401,PUBLISHED,Published,,2021,2021,,EMR,Eastern Mediterranean,,DJI,2021,2021,Djibouti,,No,,,,,,
NCD_CCS_CancerPlan,Existence of operational policy/strategy/action plan for cancer,https://www.who.int/data/gho/indicator-metadata-registry/imr-details/2398,PUBLISHED,Published,,2021,2021,,EMR,Eastern Mediterranean,,DJI,2021,2021,Djibouti,,No,,,,,,
NCD_CCS_DiabPlan,Existence of operational policy/strategy/action plan for diabetes,https://www.who.int/data/gho/indicator-metadata-registry/imr-details/2399,PUBLISHED,Published,,2021,2021,,EMR,Eastern Mediterranean,,DJI,2021,2021,Djibouti,,No,,,,,,
NCD_CCS_PAPlan,Existence of operational policy/strategy/action plan to reduce physical inactivity,https://www.who.int/data/gho/indicator-metadata-registry/imr-details/2403,PUBLISHED,Published,,2021,2021,,EMR,Eastern Mediterranean,,DJI,2021,2021,Djibouti,,No,,,,,,
NCD_CCS_CVDPlan,Existence of operational policy/strategy/action plan for cardiovascular diseases,https://www.who.int/data/gho/indicator-metadata-registry/imr-details/2397,PUBLISHED,Published,,2021,2021,,EMR,Eastern Mediterranean,,DJI,2021,2021,Djibouti,,No,,,,,,
NCD_CCS_CRDPlan,Existence of operational policy/strategy/action plan for chronic respiratory diseases,https://www.who.int/data/gho/indicator-metadata-registry/imr-details/2400,PUBLISHED,Published,,2021,2021,,EMR,Eastern Mediterranean,,DJI,2021,2021,Djibouti,,No,,,,,,
NCD_CCS_DietPlan,Existence of operational policy/strategy/action plan to reduce unhealthy diet related to NCDs,https://www.who.int/data/gho/indicator-metadata-registry/imr-details/2402,PUBLISHED,Published,,2021,2021,,EMR,Eastern Mediterranean,,DJI,2021,2021,Djibouti,,Yes,,,,,,
NCD_CCS_TobPlan,Existence of operational policy/strategy/action plan to decrease tobacco use,https://www.who.int/data/gho/indicator-metadata-registry/imr-details/2404,PUBLISHED,Published,,2021,2021,,EMR,Eastern Mediterranean,,DJI,2021,2021,Djibouti,,No,,,,,,
NCD_CCS_EyePlan,Existence of operational policy/strategy/action plan for eye health,https://www.who.int/data/gho/indicator-metadata-registry/imr-details/5688,PUBLISHED,Published,,2021,2021,,EMR,Eastern Mediterranean,,DJI,2021,2021,Djibouti,,No,,,,,,
NCD_CCS_HearingPlan,Existence of operational policy/strategy/action plan for hearing health,https://www.who.int/data/gho/indicator-metadata-registry/imr-details/5689,PUBLISHED,Published,,2021,2021,,EMR,Eastern Mediterranean,,DJI,2021,2021,Djibouti,,No,,,,,,
NCD_CCS_oralhealthplan,Existence of operational policy/strategy/action plan for oral health,https://www.who.int/data/gho/indicator-metadata-registry/imr-details/4982,PUBLISHED,Published,,2021,2021,,EMR,Eastern Mediterranean,,DJI,2021,2021,Djibouti,,No,,,,,,
NCD_CCS_OvwtPlan,Existence of operational policy/strategy/action plan to reduce overweight/obesity,https://www.who.int/data/gho/indicator-metadata-registry/imr-details/5690,PUBLISHED,Published,,2021,2021,,EMR,Eastern Mediterranean,,DJI,2021,2021,Djibouti,,No,,,,,,
NCD_CCS_Mkting,Existence of any policies on marketing of foods to children,https://www.who.int/data/gho/indicator-metadata-registry/imr-details/4682,PUBLISHED,Published,,2021,2021,,EMR,Eastern Mediterranean,,DJI,2021,2021,Djibouti,,No,,,,,,
NCD_CCS_paaware,Implementation of physical activity public awareness program,https://www.who.int/data/gho/indicator-metadata-registry/imr-details/4981,PUBLISHED,Published,,2021,2021,,EMR,Eastern Mediterranean,,DJI,2021,2021,Djibouti,,No,,,,,,
NCD_CCS_SaltPol,Existence of any policies to reduce population salt consumption,https://www.who.int/data/gho/indicator-metadata-registry/imr-details/4683,PUBLISHED,Published,,2021,2021,,EMR,Eastern Mediterranean,,DJI,2021,2021,Djibouti,,No,,,,,,
NCD_CCS_SatFat,Existence of national policies on saturated fatty acids,https://www.who.int/data/gho/indicator-metadata-registry/imr-details/5554,PUBLISHED,Published,,2021,2021,,EMR,Eastern Mediterranean,,DJI,2021,2021,Djibouti,,No,,,,,,
NCD_CCS_TransFat,Existence of national policies on trans-fatty acid elimination,https://www.who.int/data/gho/indicator-metadata-registry/imr-details/5555,PUBLISHED,Published,,2021,2021,,EMR,Eastern Mediterranean,,DJI,2021,2021,Djibouti,,No,,,,,,
NCD_CCS_PA_GUIDELINES,Existence of national guidelines for physical activity,https://www.who.int/data/gho/indicator-metadata-registry/imr-details/5691,PUBLISHED,Published,,2021,2021,,EMR,Eastern Mediterranean,,DJI,2021,2021,Djibouti,,No,,,,,,
NCD_CCS_PA_MASS_PART,Implementation of a recent mass participation event,https://www.who.int/data/gho/indicator-metadata-registry/imr-details/5692,PUBLISHED,Published,,2021,2021,,EMR,Eastern Mediterranean,,DJI,2021,2021,Djibouti,,No,,,,,,
NCD_CCS_DIET_AWARE,Implementation of a nutrition public awareness program,https://www.who.int/data/gho/indicator-metadata-registry/imr-details/5693,PUBLISHED,Published,,2021,2021,,EMR,Eastern Mediterranean,,DJI,2021,2021,Djibouti,,No,,,,,,
NCD_CCS_MORT_TARGET,Existence of a national target on NCD mortality,https://www.who.int/data/gho/indicator-metadata-registry/imr-details/5694,PUBLISHED,Published,,2021,2021,,EMR,Eastern Mediterranean,,DJI,2021,2021,Djibouti,,No,,,,,,
NCD_CCS_ALC_TARGET,Existence of a national target on alcohol,https://www.who.int/data/gho/indicator-metadata-registry/imr-details/5695,PUBLISHED,Published,,2021,2021,,EMR,Eastern Mediterranean,,DJI,2021,2021,Djibouti,,No,,,,,,
NCD_CCS_PA_TARGET,Existence of a national target on physical inactivity,https://www.who.int/data/gho/indicator-metadata-registry/imr-details/5696,PUBLISHED,Published,,2021,2021,,EMR,Eastern Mediterranean,,DJI,2021,2021,Djibouti,,No,,,,,,
NCD_CCS_SALT_TARGET,Existence of a national target on salt,https://www.who.int/data/gho/indicator-metadata-registry/imr-details/5697,PUBLISHED,Published,,2021,2021,,EMR,Eastern Mediterranean,,DJI,2021,2021,Djibouti,,No,,,,,,
NCD_CCS_TOB_TARGET,Existence of a national target on tobacco,https://www.who.int/data/gho/indicator-metadata-registry/imr-details/5698,PUBLISHED,Published,,2021,2021,,EMR,Eastern Mediterranean,,DJI,2021,2021,Djibouti,,No,,,,,,
NCD_CCS_BP_TARGET,Existence of a national target on blood pressure / hypertension,https://www.who.int/data/gho/indicator-metadata-registry/imr-details/5699,PUBLISHED,Published,,2021,2021,,EMR,Eastern Mediterranean,,DJI,2021,2021,Djibouti,,No,,,,,,
NCD_CCS_DIAB_TARGET,Existence of a national target on diabetes,https://www.who.int/data/gho/indicator-metadata-registry/imr-details/5700,PUBLISHED,Published,,2021,2021,,EMR,Eastern Mediterranean,,DJI,2021,2021,Djibouti,,No,,,,,,
NCD_CCS_OBES_TARGET,Existence of a national target on obesity,https://www.who.int/data/gho/indicator-metadata-registry/imr-details/5701,PUBLISHED,Published,,2021,2021,,EMR,Eastern Mediterranean,,DJI,2021,2021,Djibouti,,No,,,,,,
NCD_CCS_DRUG_THERAPY_TARGET,Existence of a national target on drug therapy and counselling,https://www.who.int/data/gho/indicator-metadata-registry/imr-details/5702,PUBLISHED,Published,,2021,2021,,EMR,Eastern Mediterranean,,DJI,2021,2021,Djibouti,,No,,,,,,
NCD_CCS_ESS_MEDS_TECH_TARGET,Existence of a national target on essential medicines and technologies,https://www.who.int/data/gho/indicator-metadata-registry/imr-details/5703,PUBLISHED,Published,,2021,2021,,EMR,Eastern Mediterranean,,DJI,2021,2021,Djibouti,,No,,,,,,
NCD_CCS_PBCR,Existence of population-based cancer registry,https://www.who.int/data/gho/indicator-metadata-registry/imr-details/4479,PUBLISHED,Published,,2021,2021,,EMR,Eastern Mediterranean,,DJI,2021,2021,Djibouti,,No,,,,,,
NCD_CCS_DiabetesReg,Existence of a diabetes registry,https://www.who.int/data/gho/indicator-metadata-registry/imr-details/4686,PUBLISHED,Published,,2021,2021,,EMR,Eastern Mediterranean,,DJI,2021,2021,Djibouti,,No,,,,,,
NCD_CCS_PM3_Surv,Has a STEPS survey or a comprehensive health examination survey every 5 years,https://www.who.int/data/gho/indicator-metadata-registry/imr-details/4687,PUBLISHED,Published,,2021,2021,,EMR,Eastern Mediterranean,,DJI,2021,2021,Djibouti,,No,,,,,,
NCD_CCS_ALC_SVY,"Has conducted a recent, national adult risk factor survey covering harmful alcohol use",https://www.who.int/data/gho/indicator-metadata-registry/imr-details/5705,PUBLISHED,Published,,2021,2021,,EMR,Eastern Mediterranean,,DJI,2021,2021,Djibouti,,No,,,,,,
NCD_CCS_TOB_SVY,"Has conducted a recent, national adult risk factor survey covering tobacco use",https://www.who.int/data/gho/indicator-metadata-registry/imr-details/5706,PUBLISHED,Published,,2021,2021,,EMR,Eastern Mediterranean,,DJI,2021,2021,Djibouti,,No,,,,,,
NCD_CCS_DIET_SVY,"Has conducted a recent, national adult risk factor survey covering unhealthy diet",https://www.who.int/data/gho/indicator-metadata-registry/imr-details/5707,PUBLISHED,Published,,2021,2021,,EMR,Eastern Mediterranean,,DJI,2021,2021,Djibouti,,No,,,,,,
NCD_CCS_PA_SVY,"Has conducted a recent, national adult risk factor survey covering physical inactivity",https://www.who.int/data/gho/indicator-metadata-registry/imr-details/5708,PUBLISHED,Published,,2021,2021,,EMR,Eastern Mediterranean,,DJI,2021,2021,Djibouti,,No,,,,,,
NCD_CCS_DIAB_SVY,"Has conducted a recent, national adult risk factor survey covering raised blood glucose/diabetes",https://www.who.int/data/gho/indicator-metadata-registry/imr-details/5709,PUBLISHED,Published,,2021,2021,,EMR,Eastern Mediterranean,,DJI,2021,2021,Djibouti,,No,,,,,,
NCD_CCS_CHOL_SVY,"Has conducted a recent, national adult risk factor survey covering raised total cholesterol",https://www.who.int/data/gho/indicator-metadata-registry/imr-details/5710,PUBLISHED,Published,,2021,2021,,EMR,Eastern Mediterranean,,DJI,2021,2021,Djibouti,,No,,,,,,
NCD_CCS_BP_SVY,"Has conducted a recent, national adult risk factor survey covering raised blood pressure/hypertension",https://www.who.int/data/gho/indicator-metadata-registry/imr-details/5711,PUBLISHED,Published,,2021,2021,,EMR,Eastern Mediterranean,,DJI,2021,2021,Djibouti,,No,,,,,,
NCD_CCS_SALT_SVY,"Has conducted a recent, national adult risk factor survey covering salt/sodium intake",https://www.who.int/data/gho/indicator-metadata-registry/imr-details/5712,PUBLISHED,Published,,2021,2021,,EMR,Eastern Mediterranean,,DJI,2021,2021,Djibouti,,No,,,,,,
NCD_CCS_OVWT_SVY,"Has conducted a recent, national adult risk factor survey covering overweight and obesity",https://www.who.int/data/gho/indicator-metadata-registry/imr-details/5713,PUBLISHED,Published,,2021,2021,,EMR,Eastern Mediterranean,,DJI,2021,2021,Djibouti,,No,,,,,,
NCD_CCS_NCDGuide,Existence of evidence-based national guidelines/protocols/standards for the management of major NCDs through a primary care approach,https://www.who.int/data/gho/indicator-metadata-registry/imr-details/4478,PUBLISHED,Published,,2021,2021,,EMR,Eastern Mediterranean,,DJI,2021,2021,Djibouti,,No,,,,,,
NCD_CCS_diabtest,"General availability of diabetes testing (by blood glucose measurement, OGTT) at the primary health care level",https://www.who.int/data/gho/indicator-metadata-registry/imr-details/2413,PUBLISHED,Published,,2021,2021,,EMR,Eastern Mediterranean,,DJI,2021,2021,Djibouti,,Yes,,,,,,
NCD_CCS_HbA1c,General availability of diabetes testing (by HbA1c) at the primary health care level,https://www.who.int/data/gho/indicator-metadata-registry/imr-details/4688,PUBLISHED,Published,,2021,2021,,EMR,Eastern Mediterranean,,DJI,2021,2021,Djibouti,,No,,,,,,
NCD_CCS_dilated_fundus,General availability of dilated fundus examination at the primary health care level,https://www.who.int/data/gho/indicator-metadata-registry/imr-details/5714,PUBLISHED,Published,,2021,2021,,EMR,Eastern Mediterranean,,DJI,2021,2021,Djibouti,,No,,,,,,
NCD_CCS_foot_vibr,General availability of foot vibration perception by tuning fork at the primary health care level,https://www.who.int/data/gho/indicator-metadata-registry/imr-details/5715,PUBLISHED,Published,,2021,2021,,EMR,Eastern Mediterranean,,DJI,2021,2021,Djibouti,,No,,,,,,
NCD_CCS_urine_strips_gluc_ketone,General availability of urine strips for glucose and ketone measurement at the primary health care level,https://www.who.int/data/gho/indicator-metadata-registry/imr-details/5716,PUBLISHED,Published,,2021,2021,,EMR,Eastern Mediterranean,,DJI,2021,2021,Djibouti,,Yes,,,,,,
NCD_CCS_BPmsmt,General availability of blood pressure measurement at the primary health care level,https://www.who.int/data/gho/indicator-metadata-registry/imr-details/5717,PUBLISHED,Published,,2021,2021,,EMR,Eastern Mediterranean,,DJI,2021,2021,Djibouti,,Yes,,,,,,
NCD_CCS_CholMsmt,General availability of total cholesterol measurement at the primary health care level,https://www.who.int/data/gho/indicator-metadata-registry/imr-details/2415,PUBLISHED,Published,,2021,2021,,EMR,Eastern Mediterranean,,DJI,2021,2021,Djibouti,,No,,,,,,
NCD_CCS_UrineAlbumin,General availability of urine testing for albumin,https://www.who.int/data/gho/indicator-metadata-registry/imr-details/4553,PUBLISHED,Published,,2021,2021,,EMR,Eastern Mediterranean,,DJI,2021,2021,Djibouti,,No,,,,,,
NCD_CCS_PeakFlow,General availability of peak flow measurement at the primary health care level,https://www.who.int/data/gho/indicator-metadata-registry/imr-details/5718,PUBLISHED,Published,,2021,2021,,EMR,Eastern Mediterranean,,DJI,2021,2021,Djibouti,,No,,,,,,
NCD_CCS_Spirom,General availability of spirometry at the primary health care level,https://www.who.int/data/gho/indicator-metadata-registry/imr-details/2416,PUBLISHED,Published,,2021,2021,,EMR,Eastern Mediterranean,,DJI,2021,2021,Djibouti,,Yes,,,,,,
NCD_CCS_Insulin,General availability of insulin in the public health sector,https://www.who.int/data/gho/indicator-metadata-registry/imr-details/2417,PUBLISHED,Published,,2021,2021,,EMR,Eastern Mediterranean,,DJI,2021,2021,Djibouti,,No,,,,,,
NCD_CCS_Aspirin,General availability of aspirin (100 mg) in the public health sector,https://www.who.int/data/gho/indicator-metadata-registry/imr-details/2418,PUBLISHED,Published,,2021,2021,,EMR,Eastern Mediterranean,,DJI,2021,2021,Djibouti,,Yes,,,,,,
NCD_CCS_Metformin,General availability of metformin in the public health sector,https://www.who.int/data/gho/indicator-metadata-registry/imr-details/2419,PUBLISHED,Published,,2021,2021,,EMR,Eastern Mediterranean,,DJI,2021,2021,Djibouti,,Yes,,,,,,
NCD_CCS_Thiazide,General availability of thiazide diuretics in the public health sector,https://www.who.int/data/gho/indicator-metadata-registry/imr-details/2421,PUBLISHED,Published,,2021,2021,,EMR,Eastern Mediterranean,,DJI,2021,2021,Djibouti,,No,,,,,,
NCD_CCS_ACE,General availability of ACE inhibitors in the public health sector,https://www.who.int/data/gho/indicator-metadata-registry/imr-details/2422,PUBLISHED,Published,,2021,2021,,EMR,Eastern Mediterranean,,DJI,2021,2021,Djibouti,,No,,,,,,
NCD_CCS_ARB,General availability of Angiotensin II receptor blockers (ARBs) in the public health sector,https://www.who.int/data/gho/indicator-metadata-registry/imr-details/5556,PUBLISHED,Published,,2021,2021,,EMR,Eastern Mediterranean,,DJI,2021,2021,Djibouti,,No,,,,,,
NCD_CCS_CCBlkrs,General availability of CC blockers in the public health sector,https://www.who.int/data/gho/indicator-metadata-registry/imr-details/2423,PUBLISHED,Published,,2021,2021,,EMR,Eastern Mediterranean,,DJI,2021,2021,Djibouti,,No,,,,,,
NCD_CCS_LIS_AML_COMBO,General availability of Fixed dose combination avail (lisinopril + amlodipine) in the public health sector,https://www.who.int/data/gho/indicator-metadata-registry/imr-details/5719,PUBLISHED,Published,,2021,2021,,EMR,Eastern Mediterranean,,DJI,2021,2021,Djibouti,,No,,,,,,
NCD_CCS_LIS_HYDRO_COMBO,General availability of Fixed dose combination avail (lisinopril + hydrochlorothiazide) in the public health sector,https://www.who.int/data/gho/indicator-metadata-registry/imr-details/5720,PUBLISHED,Published,,2021,2021,,EMR,Eastern Mediterranean,,DJI,2021,2021,Djibouti,,No,,,,,,
NCD_CCS_TEL_AML_COMBO,General availability of Fixed dose combination avail (telmisartan + amlodipine) in the public health sector,https://www.who.int/data/gho/indicator-metadata-registry/imr-details/5721,PUBLISHED,Published,,2021,2021,,EMR,Eastern Mediterranean,,DJI,2021,2021,Djibouti,,Yes,,,,,,
NCD_CCS_TEL_HYDRO_COMBO,General availability of Fixed dose combination avail (telmisartan + hydrochlorothiazide) in the public health sector,https://www.who.int/data/gho/indicator-metadata-registry/imr-details/5722,PUBLISHED,Published,,2021,2021,,EMR,Eastern Mediterranean,,DJI,2021,2021,Djibouti,,Yes,,,,,,
NCD_CCS_betablockers,General availability of beta blockers in the public health sector,https://www.who.int/data/gho/indicator-metadata-registry/imr-details/4705,PUBLISHED,Published,,2021,2021,,EMR,Eastern Mediterranean,,DJI,2021,2021,Djibouti,,Yes,,,,,,
NCD_CCS_Statins,General availability of statins in the public health sector,https://www.who.int/data/gho/indicator-metadata-registry/imr-details/2426,PUBLISHED,Published,,2021,2021,,EMR,Eastern Mediterranean,,DJI,2021,2021,Djibouti,,No,,,,,,
NCD_CCS_OralMorph,General availability of oral morphine in the public health sector,https://www.who.int/data/gho/indicator-metadata-registry/imr-details/2427,PUBLISHED,Published,,2021,2021,,EMR,Eastern Mediterranean,,DJI,2021,2021,Djibouti,,No,,,,,,
NCD_CCS_Steroid,General availability of steroid inhalers in the public health sector,https://www.who.int/data/gho/indicator-metadata-registry/imr-details/2431,PUBLISHED,Published,,2021,2021,,EMR,Eastern Mediterranean,,DJI,2021,2021,Djibouti,,Yes,,,,,,
NCD_CCS_ComboInhaler,General availability of combination budesonide formoterol inhaler in the public health sector,https://www.who.int/data/gho/indicator-metadata-registry/imr-details/5723,PUBLISHED,Published,,2021,2021,,EMR,Eastern Mediterranean,,DJI,2021,2021,Djibouti,,No,,,,,,
NCD_CCS_Bronchodilators,General availability of bronchodilators in the public health sector,https://www.who.int/data/gho/indicator-metadata-registry/imr-details/4554,PUBLISHED,Published,,2021,2021,,EMR,Eastern Mediterranean,,DJI,2021,2021,Djibouti,,Yes,,,,,,
NCD_CCS_sulphonylurea,General availability of sulphonylurea(s) in the public health sector,https://www.who.int/data/gho/indicator-metadata-registry/imr-details/4706,PUBLISHED,Published,,2021,2021,,EMR,Eastern Mediterranean,,DJI,2021,2021,Djibouti,,Yes,,,,,,
NCD_CCS_Nicotine,General availability of nicotine replacement therapy in the public health sector,https://www.who.int/data/gho/indicator-metadata-registry/imr-details/2428,PUBLISHED,Published,,2021,2021,,EMR,Eastern Mediterranean,,DJI,2021,2021,Djibouti,,Yes,,,,,,
NCD_CCS_breastcancerscreening,Existence of national screening program for breast cancer,https://www.who.int/data/gho/indicator-metadata-registry/imr-details/4689,PUBLISHED,Published,,2021,2021,,EMR,Eastern Mediterranean,,DJI,2021,2021,Djibouti,,No,,,,,,
NCD_CCS_cervicalcancerscreening,Existence of national screening program for cervical cancer,https://www.who.int/data/gho/indicator-metadata-registry/imr-details/4690,PUBLISHED,Published,,2021,2021,,EMR,Eastern Mediterranean,,DJI,2021,2021,Djibouti,,No,,,,,,
NCD_CCS_diab_retin,General availability of diabetic retinopathy screening in the public health system,https://www.who.int/data/gho/indicator-metadata-registry/imr-details/5724,PUBLISHED,Published,,2021,2021,,EMR,Eastern Mediterranean,,DJI,2021,2021,Djibouti,,Yes,,,,,,
NCD_CCS_photocoag,General availability of retinal photocoagulation in the public health system,https://www.who.int/data/gho/indicator-metadata-registry/imr-details/4695,PUBLISHED,Published,,2021,2021,,EMR,Eastern Mediterranean,,DJI,2021,2021,Djibouti,,No,,,,,,
NCD_CCS_dialysis,General availability of dialysis in the public health system,https://www.who.int/data/gho/indicator-metadata-registry/imr-details/4696,PUBLISHED,Published,,2021,2021,,EMR,Eastern Mediterranean,,DJI,2021,2021,Djibouti,,Yes,,,,,,
NCD_CCS_renaltrans,General availability of renal replacement by transplantation in the public health system,https://www.who.int/data/gho/indicator-metadata-registry/imr-details/4697,PUBLISHED,Published,,2021,2021,,EMR,Eastern Mediterranean,,DJI,2021,2021,Djibouti,,No,,,,,,
NCD_CCS_thrombolytic,General availability of thrombolytic therapy in the public health system,https://www.who.int/data/gho/indicator-metadata-registry/imr-details/4699,PUBLISHED,Published,,2021,2021,,EMR,Eastern Mediterranean,,DJI,2021,2021,Djibouti,,Yes,,,,,,
NCD_CCS_alteplase,General availability of alteplase for acute stroke management in the public health system,https://www.who.int/data/gho/indicator-metadata-registry/imr-details/5725,PUBLISHED,Published,,2021,2021,,EMR,Eastern Mediterranean,,DJI,2021,2021,Djibouti,,Yes,,,,,,
NCD_CCS_bone_marrow,General availability of bone marrow transplantation in the public health system,https://www.who.int/data/gho/indicator-metadata-registry/imr-details/5557,PUBLISHED,Published,,2021,2021,,EMR,Eastern Mediterranean,,DJI,2021,2021,Djibouti,,No,,,,,,
NCD_CCS_coronary,General availability of coronary bypass or stenting in the public health system,https://www.who.int/data/gho/indicator-metadata-registry/imr-details/4698,PUBLISHED,Published,,2021,2021,,EMR,Eastern Mediterranean,,DJI,2021,2021,Djibouti,,Yes,,,,,,
NCD_CCS_palliative_prim,General availability of palliative care in primary health care in the public health system,https://www.who.int/data/gho/indicator-metadata-registry/imr-details/4700,PUBLISHED,Published,,2021,2021,,EMR,Eastern Mediterranean,,DJI,2021,2021,Djibouti,,No,,,,,,
NCD_CCS_palliative_home,General availability of palliative care in community or home-based care in the public health system,https://www.who.int/data/gho/indicator-metadata-registry/imr-details/4701,PUBLISHED,Published,,2021,2021,,EMR,Eastern Mediterranean,,DJI,2021,2021,Djibouti,,No,,,,,,
NCD_CCS_riskstrat,Availability of cardiovascular risk stratification in 50% or more primary health care facilities,https://www.who.int/data/gho/indicator-metadata-registry/imr-details/4702,PUBLISHED,Published,,2021,2021,,EMR,Eastern Mediterranean,,DJI,2021,2021,Djibouti,,No,,,,,,
NCD_CCS_stroke,Provision for care of acute stroke and rehabilitation in more than 50% of public sector health facilities,https://www.who.int/data/gho/indicator-metadata-registry/imr-details/4703,PUBLISHED,Published,,2021,2021,,EMR,Eastern Mediterranean,,DJI,2021,2021,Djibouti,,Yes,,,,,,
NCD_CCS_CVD_GUIDE,Existence of evidence-based national guidelines/protocols/standards for the management of cardiovascular diseases,https://www.who.int/data/gho/indicator-metadata-registry/imr-details/5726,PUBLISHED,Published,,2021,2021,,EMR,Eastern Mediterranean,,DJI,2021,2021,Djibouti,,No,,,,,,
NCD_CCS_DIAB_GUIDE,Existence of evidence-based national guidelines/protocols/standards for the management of diabetes,https://www.who.int/data/gho/indicator-metadata-registry/imr-details/5727,PUBLISHED,Published,,2021,2021,,EMR,Eastern Mediterranean,,DJI,2021,2021,Djibouti,,No,,,,,,
NCD_CCS_CANCER_GUIDE,Existence of evidence-based national guidelines/protocols/standards for the management of cancer,https://www.who.int/data/gho/indicator-metadata-registry/imr-details/5728,PUBLISHED,Published,,2021,2021,,EMR,Eastern Mediterranean,,DJI,2021,2021,Djibouti,,No,,,,,,
NCD_CCS_CRD_GUIDE,Existence of evidence-based national guidelines/protocols/standards for the management of chronic respiratory diseases,https://www.who.int/data/gho/indicator-metadata-registry/imr-details/5729,PUBLISHED,Published,,2021,2021,,EMR,Eastern Mediterranean,,DJI,2021,2021,Djibouti,,No,,,,,,
NCD_CCS_ALC_MGMT_GUIDE,Existence of evidence-based national guidelines/protocols/standards for the management of alcohol use disorders,https://www.who.int/data/gho/indicator-metadata-registry/imr-details/5730,PUBLISHED,Published,,2021,2021,,EMR,Eastern Mediterranean,,DJI,2021,2021,Djibouti,,No,,,,,,
NCD_CCS_TOB_MGMT_GUIDE,Existence of evidence-based national guidelines/protocols/standards for the management of tobacco dependence,https://www.who.int/data/gho/indicator-metadata-registry/imr-details/5731,PUBLISHED,Published,,2021,2021,,EMR,Eastern Mediterranean,,DJI,2021,2021,Djibouti,,No,,,,,,
NCD_CCS_OBES_MGMT_GUIDE,Existence of evidence-based national guidelines/protocols/standards for the management of overweight/obesity,https://www.who.int/data/gho/indicator-metadata-registry/imr-details/5732,PUBLISHED,Published,,2021,2021,,EMR,Eastern Mediterranean,,DJI,2021,2021,Djibouti,,No,,,,,,
NCD_CCS_PA_MGMT_GUIDE,Existence of evidence-based national guidelines/protocols/standards for the management of physical inactivity,https://www.who.int/data/gho/indicator-metadata-registry/imr-details/5733,PUBLISHED,Published,,2021,2021,,EMR,Eastern Mediterranean,,DJI,2021,2021,Djibouti,,No,,,,,,
NCD_CCS_CANCER_DEPT,General availability of cancer centres or cancer departments at tertiary level in the public sector,https://www.who.int/data/gho/indicator-metadata-registry/imr-details/5734,PUBLISHED,Published,,2021,2021,,EMR,Eastern Mediterranean,,DJI,2021,2021,Djibouti,,No,,,,,,
NCD_CCS_path_lab,General availability of pathology services (laboratories) in the public sector,https://www.who.int/data/gho/indicator-metadata-registry/imr-details/5735,PUBLISHED,Published,,2021,2021,,EMR,Eastern Mediterranean,,DJI,2021,2021,Djibouti,,Yes,,,,,,
NCD_CCS_cancer_surgery,General availability of cancer surgery in the public sector,https://www.who.int/data/gho/indicator-metadata-registry/imr-details/5736,PUBLISHED,Published,,2021,2021,,EMR,Eastern Mediterranean,,DJI,2021,2021,Djibouti,,Yes,,,,,,
NCD_CCS_chemo,General availability of chemotherapy in the public sector,https://www.who.int/data/gho/indicator-metadata-registry/imr-details/5737,PUBLISHED,Published,,2021,2021,,EMR,Eastern Mediterranean,,DJI,2021,2021,Djibouti,,No,,,,,,
NCD_CCS_radio,General availability of radiotherapy in the public sector,https://www.who.int/data/gho/indicator-metadata-registry/imr-details/5738,PUBLISHED,Published,,2021,2021,,EMR,Eastern Mediterranean,,DJI,2021,2021,Djibouti,,No,,,,,,
NCD_CCS_MultisecComm,"Existence of a national multisectoral commission, agency or mechanism for NCDs",https://www.who.int/data/gho/indicator-metadata-registry/imr-details/4678,PUBLISHED,Published,,2021,2021,,EMR,Eastern Mediterranean,,DJI,2021,2021,Djibouti,,No,,,,,,
NCD_CCS_cervicalcancermethod,Most widely used screening method in national cervical cancer screening program,https://www.who.int/data/gho/indicator-metadata-registry/imr-details/4691,PUBLISHED,Published,,2021,2021,,EMR,Eastern Mediterranean,,DJI,2021,2021,Djibouti,,Not applicable,,,,,,Not applicable. Country does not have national cervical cancer screening program.
NCD_CCS_PA_GUIDELINES_UNDER5,Existence of national guidelines for physical activity for children under 5,https://www.who.int/data/gho/indicator-metadata-registry/imr-details/5752,PUBLISHED,Published,,2021,2021,,EMR,Eastern Mediterranean,,DJI,2021,2021,Djibouti,,Not applicable,,,,,,Not applicable. Country does not have any physical activity guidelines.
NCD_CCS_PA_GUIDELINES_ADULTS,Existence of national guidelines for physical activity for adults,https://www.who.int/data/gho/indicator-metadata-registry/imr-details/5753,PUBLISHED,Published,,2021,2021,,EMR,Eastern Mediterranean,,DJI,2021,2021,Djibouti,,Not applicable,,,,,,Not applicable. Country does not have any physical activity guidelines.
NCD_CCS_PA_GUIDELINES_5to19,Existence of national guidelines for physical activity for children and adolescents aged 5-19,https://www.who.int/data/gho/indicator-metadata-registry/imr-details/5754,PUBLISHED,Published,,2021,2021,,EMR,Eastern Mediterranean,,DJI,2021,2021,Djibouti,,Not applicable,,,,,,Not applicable. Country does not have any physical activity guidelines.
NCD_CCS_PA_GUIDELINES_OLDADULTS,Existence of national guidelines for physical activity for older adults,https://www.who.int/data/gho/indicator-metadata-registry/imr-details/5755,PUBLISHED,Published,,2021,2021,,EMR,Eastern Mediterranean,,DJI,2021,2021,Djibouti,,Not applicable,,,,,,Not applicable. Country does not have any physical activity guidelines.
NCD_CCS_PA_POL_WALKBIKE,Existence of policy promoting physical activity: walking and cycling,https://www.who.int/data/gho/indicator-metadata-registry/imr-details/5756,PUBLISHED,Published,,2021,2021,,EMR,Eastern Mediterranean,,DJI,2021,2021,Djibouti,,No,,,,,,
NCD_CCS_PA_POL_WORK,Existence of policy promoting physical activity: workplace initiatives,https://www.who.int/data/gho/indicator-metadata-registry/imr-details/5757,PUBLISHED,Published,,2021,2021,,EMR,Eastern Mediterranean,,DJI,2021,2021,Djibouti,,No,,,,,,
NCD_CCS_PA_POL_AGEING,Existence of policy promoting physical activity: active ageing,https://www.who.int/data/gho/indicator-metadata-registry/imr-details/5758,PUBLISHED,Published,,2021,2021,,EMR,Eastern Mediterranean,,DJI,2021,2021,Djibouti,,No,,,,,,
NCD_CCS_PA_POL_COMM_BASED,Existence of policy promoting physical activity: community-based and sports initiatives,https://www.who.int/data/gho/indicator-metadata-registry/imr-details/5759,PUBLISHED,Published,,2021,2021,,EMR,Eastern Mediterranean,,DJI,2021,2021,Djibouti,,No,,,,,,
NCD_CCS_PA_POL_PUBLIC,Existence of policy promoting physical activity: public open spaces,https://www.who.int/data/gho/indicator-metadata-registry/imr-details/5760,PUBLISHED,Published,,2021,2021,,EMR,Eastern Mediterranean,,DJI,2021,2021,Djibouti,,No,,,,,,
NCD_CCS_PA_POL_CHILDCARE,Existence of policy promoting physical activity: childcare settings,https://www.who.int/data/gho/indicator-metadata-registry/imr-details/5761,PUBLISHED,Published,,2021,2021,,EMR,Eastern Mediterranean,,DJI,2021,2021,Djibouti,,No,,,,,,
